层数,序号,时间,成形室压力(mBar),成形室温度(℃),加热板温度(℃),氩气压力(Bar),CPU占用率(%),内存占用率(%),硬盘剩余容量(%),网络占用率(%),中效滤芯阻力(mBar),高效滤芯阻力(mBar),尘气室蝶阀状态(),净气室蝶阀状态(),刮刀位置(mm),刮刀扭矩(%),加工平台位置(mm),加工平台扭矩(%),压缩空气压力(Bar),环境氧含量(%),过滤器气源压力(Bar),脉冲清灰压力(Bar),成形室氧含量监控用氧传感器(%),成形室氧含量偏差(%),基材加热监控用PT100(℃),基材加热PT100偏差(℃),气动蝶阀压力(Bar),循环气体实时流量(m3/h),风机转速(%),净气室压力(mBar),落粉轴角度(°),落粉轴扭矩(%),储粉桶物位计(mm),成形室氧含量(%),预涂料蝶阀状态(),卸灰蝶阀状态(),过滤器安全门锁(),预涂料钝化压力(Bar),过滤器氧含量(%),灰桶料位(%),预涂料剩余重量(g)
1967,336983,2025-01-19 17:13:16,4.142795,33.680557,35.0,5.94618,,,,,2.474255,5.520582,1.0,1.0,520.0,8.92578,202.225,-8.878856,5.533854,0.653212,5.863715,3.987992,0.0526,0.0,34.900002,0.099998,4.232494,448.866364,45.695278,-0.681423,330.989,-7.558593,265.0,0.0048,0.0,1.0,1.0,4.232494,0.0048,0.0,0.0
1967,336984,2025-01-19 17:13:16,4.084201,33.680557,35.0,5.94618,,,,,2.474179,5.540273,1.0,1.0,520.0,9.140624,202.225,-8.301122,5.533854,0.653212,5.864439,3.987992,0.0526,0.0,34.900002,0.099998,4.232494,447.601471,45.695278,-0.707466,330.989,-7.36328,265.0,0.0048,0.0,1.0,1.0,4.232494,0.0048,0.0,0.0
1967,336985,2025-01-19 17:13:17,4.123264,33.680557,35.0,5.94618,,,,,2.477413,5.543217,1.0,1.0,466.132,-45.175777,202.725,2.341342,5.535301,0.668403,5.863715,3.987992,0.0526,0.0,34.900002,0.099998,4.232494,448.201111,45.695278,-0.694445,330.989,-7.421874,266.0,0.0048,0.0,1.0,1.0,4.232494,0.0048,0.0,0.0
1967,336986,2025-01-19 17:13:17,4.103733,33.680557,35.0,5.946904,,,,,2.47766,5.534798,1.0,1.0,378.124,-42.617184,202.725,-3.010297,5.534577,0.668403,5.863715,3.987992,0.0527,0.0,34.900002,0.099998,4.232494,451.206512,45.695278,-0.711805,330.989,-7.460937,265.0,0.0048,0.0,1.0,1.0,4.232494,0.0048,0.0,0.0
1967,336987,2025-01-19 17:13:18,4.144965,33.680557,35.0,5.945457,,,,,2.475975,5.495375,1.0,1.0,287.724,-38.33984,202.725,-6.993619,5.535301,0.668403,5.863715,3.987992,0.0526,0.0,34.900002,0.099998,4.232494,451.206512,45.695278,-0.724827,330.989,-7.343749,265.0,0.0048,0.0,1.0,1.0,4.232494,0.0048,0.0,0.0
1967,336988,2025-01-19 17:13:18,4.127604,33.680557,35.0,5.946904,,,,,2.478585,5.492552,1.0,1.0,196.528,-41.582027,202.725,-6.355072,5.534577,0.668403,5.863715,3.987992,0.0526,0.0,34.900002,0.099998,4.232494,452.587006,45.695278,-0.733507,330.989,-7.539062,265.0,0.0048,0.0,1.0,1.0,4.232494,0.0048,0.0,0.0
1967,336989,2025-01-19 17:13:19,4.036458,33.680557,35.0,5.946904,,,,,2.47754,5.510757,1.0,1.0,65.328,-41.562496,202.725,-5.686117,5.533854,0.668403,5.863715,3.987992,0.0526,0.0,34.900002,0.099998,4.232494,453.117188,45.695278,-0.720486,330.989,-7.578124,266.0,0.0048,0.0,1.0,1.0,4.232494,0.0048,0.0,0.0
1967,336990,2025-01-19 17:13:19,4.032118,33.680557,35.0,5.946904,,,,,2.4755,5.5058,1.0,1.0,-4.989,-22.910154,202.545,-25.724356,5.534577,0.668403,5.863715,3.987992,0.0526,0.0,34.900002,0.099998,4.232494,455.261566,45.695278,-0.711805,330.989,-7.421874,265.0,0.0048,0.0,1.0,1.0,4.232494,0.0048,0.0,0.0
1967,336991,2025-01-19 17:13:20,4.125434,33.680557,35.0,5.947628,,,,,2.477121,5.509459,1.0,1.0,-5.005,-18.242186,202.286,-17.332012,5.534577,0.668403,5.863715,3.987992,0.0526,0.0,34.900002,0.099998,4.232494,455.261566,45.695278,-0.724827,330.989,-7.539062,265.0,0.0048,0.0,1.0,1.0,4.232494,0.0048,0.0,0.0
1967,336992,2025-01-19 17:13:20,4.082031,33.680557,35.0,5.94618,,,,,2.481694,5.540238,1.0,1.0,-5.001,-15.839842,202.286,-9.45659,5.535301,0.668403,5.863715,3.987992,0.0526,0.0,34.900002,0.099998,4.232494,455.261566,45.695278,-0.724827,39.798,-19.824217,265.0,0.0048,0.0,1.0,1.0,4.232494,0.0048,0.0,0.0
1967,336993,2025-01-19 17:13:21,4.05816,33.680557,35.0,5.945457,,,,,2.479719,5.559794,1.0,1.0,0.157,29.042965,202.286,-5.412453,5.535301,0.668403,5.863715,3.987992,0.0526,0.0,34.900002,0.099998,4.232494,453.996643,45.595222,-0.707466,38.976,5.292968,267.0,0.0048,0.0,1.0,1.0,4.232494,0.0048,0.0,0.0
1967,336994,2025-01-19 17:13:21,4.06467,33.680557,35.0,5.944734,,,,,2.480754,5.531463,1.0,1.0,16.719,26.699217,202.286,-5.838152,5.535301,0.668403,5.863715,3.987992,0.0526,0.0,34.900002,0.099998,4.232494,452.046844,45.595222,-0.720486,38.969,5.46875,266.0,0.0048,0.0,1.0,1.0,4.232494,0.0048,0.0,0.0
1967,336995,2025-01-19 17:13:22,4.073351,33.680557,35.0,5.94618,,,,,2.480981,5.529585,1.0,1.0,37.683,28.710934,202.286,-5.746931,5.533854,0.668403,5.864439,3.987992,0.0526,0.0,34.900002,0.099998,4.232494,452.046844,45.595222,-0.720486,38.969,3.378906,267.0,0.0048,0.0,1.0,1.0,4.232494,0.0048,0.0,0.0
1967,336996,2025-01-19 17:13:22,4.082031,33.680557,35.0,5.94618,,,,,2.48236,5.516521,1.0,1.0,59.276,24.003904,202.286,-5.716524,5.533854,0.653212,5.863715,3.987992,0.0526,0.0,34.900002,0.099998,4.232494,454.421387,45.595222,-0.733507,38.973,2.421875,266.0,0.0048,0.0,1.0,1.0,4.232494,0.0048,0.0,0.0
1967,336997,2025-01-19 17:13:23,4.038629,33.680557,35.0,5.944734,,,,,2.482596,5.528666,1.0,1.0,78.465,26.308592,202.286,-5.625302,5.533131,0.653212,5.863715,3.987992,0.0526,0.0,34.900002,0.099998,4.232494,454.421387,45.595222,-0.720486,38.973,1.933594,267.0,0.0048,0.0,1.0,1.0,4.232494,0.0048,0.0,0.0
1967,336998,2025-01-19 17:13:23,4.010417,33.680557,35.0,5.94618,,,,,2.48072,5.525839,1.0,1.0,93.031,28.515621,202.286,-5.716524,5.532407,0.668403,5.863715,3.987992,0.0526,0.0,34.900002,0.099998,4.232494,454.421387,45.595222,-0.733507,38.973,2.070312,267.0,0.0048,0.0,1.0,1.0,4.232494,0.0048,0.0,0.0
1967,336999,2025-01-19 17:13:24,4.010417,33.680557,35.0,5.945457,,,,,2.480325,5.518776,1.0,1.0,108.391,26.328123,202.286,-6.051001,5.532407,0.668403,5.863715,3.987992,0.0526,0.0,34.900002,0.099998,4.232494,454.421387,45.595222,-0.720486,38.976,0.742187,267.0,0.0048,0.0,1.0,1.0,4.232494,0.0048,0.0,0.0
1967,337000,2025-01-19 17:13:25,3.988715,33.680557,35.0,5.94618,,,,,2.482356,5.479922,1.0,1.0,156.557,23.535154,202.286,-5.412453,5.533854,0.653212,5.863715,3.987992,0.0526,0.0,34.900002,0.099998,4.232494,461.06427,45.495171,-0.755209,38.98,-0.371094,267.0,0.0048,0.0,1.0,1.0,4.232494,0.0048,0.0,0.0
1967,337001,2025-01-19 17:13:25,3.91276,33.680557,35.0,5.945457,,,,,2.476197,5.490158,1.0,1.0,174.633,24.316404,202.286,-5.564488,5.533131,0.653212,5.863715,3.987992,0.0526,0.0,34.900002,0.099998,4.231771,462.80304,45.495171,-0.707466,38.98,-1.5625,266.0,0.0048,0.0,1.0,1.0,4.231771,0.0048,0.0,0.0
1967,337002,2025-01-19 17:13:26,3.951823,33.680557,35.0,5.945457,,,,,2.47593,5.493714,1.0,1.0,193.189,25.722654,202.286,-5.473267,5.532407,0.653212,5.863715,3.987992,0.0526,0.0,34.900002,0.099998,4.232494,462.80304,45.395115,-0.746529,38.98,-1.601562,267.0,0.0048,0.0,1.0,1.0,4.232494,0.0048,0.0,0.0
1967,337003,2025-01-19 17:13:26,3.973524,33.666088,35.0,5.944734,,,,,2.474667,5.491609,1.0,1.0,211.756,26.093748,202.286,-6.203036,5.533854,0.668403,5.863715,3.987992,0.0526,0.0,34.900002,0.099998,4.232494,462.80304,45.395115,-0.755209,38.984,-1.484375,266.0,0.0048,0.0,1.0,1.0,4.232494,0.0048,0.0,0.0
1967,337004,2025-01-19 17:13:27,3.960504,33.666088,35.0,5.94618,,,,,2.475644,5.468509,1.0,1.0,231.113,27.949217,202.286,-5.95978,5.533854,0.668403,5.863715,3.987992,0.0526,0.0,34.900002,0.099998,4.231771,462.07782,45.395115,-0.759548,38.984,-0.449219,266.0,0.0048,0.0,1.0,1.0,4.231771,0.0048,0.0,0.0
1967,337005,2025-01-19 17:13:27,3.884549,33.666088,35.0,5.944734,,,,,2.470283,5.455809,1.0,1.0,249.992,29.453121,202.286,-5.746931,5.533131,0.668403,5.863715,3.987992,0.0526,0.0,34.900002,0.099998,4.232494,458.084808,45.300949,-0.755209,38.984,-1.40625,267.0,0.0048,0.0,1.0,1.0,4.231771,0.0048,0.0,0.0
1967,337006,2025-01-19 17:13:28,3.940972,33.666088,35.0,5.945457,,,,,2.465544,5.430541,1.0,1.0,268.554,26.445311,202.286,-5.594895,5.534577,0.668403,5.863715,3.987992,0.0526,0.0,34.900002,0.099998,4.232494,455.261566,45.295063,-0.78993,38.984,-2.109375,267.0,0.0048,0.0,1.0,1.0,4.232494,0.0048,0.0,0.0
1967,337007,2025-01-19 17:13:28,3.951823,33.666088,35.0,5.945457,,,,,2.463828,5.412121,1.0,1.0,290.153,26.718748,202.286,-5.625302,5.533854,0.668403,5.863715,3.987992,0.0526,0.0,34.900002,0.099998,4.232494,450.423096,45.295063,-0.750868,38.984,-1.953125,267.0,0.0048,0.0,1.0,1.0,4.232494,0.0048,0.0,0.0
1967,337008,2025-01-19 17:13:29,3.90408,33.666088,35.0,5.945457,,,,,2.467989,5.398982,1.0,1.0,326.152,32.421871,202.286,-6.233443,5.533854,0.668403,5.863715,3.987992,0.0526,0.0,34.900002,0.099998,4.232494,439.351044,45.295063,-0.776909,38.988,-2.128906,266.0,0.0048,0.0,1.0,1.0,4.232494,0.0048,0.0,0.0
1967,337009,2025-01-19 17:13:29,3.90408,33.666088,35.0,5.945457,,,,,2.467989,5.398982,1.0,1.0,326.152,32.421871,202.286,-6.233443,5.533854,0.668403,5.863715,3.987992,0.0526,0.0,34.900002,0.099998,4.232494,439.351044,45.295063,-0.776909,38.988,-2.128906,266.0,0.0048,0.0,1.0,1.0,4.232494,0.0048,0.0,0.0
1967,337010,2025-01-19 17:13:30,3.90191,33.666088,35.0,5.944734,,,,,2.465454,5.421011,1.0,1.0,363.916,33.066402,202.286,-6.446292,5.533854,0.668403,5.863715,3.987992,0.0526,0.0,34.900002,0.099998,4.232494,427.737396,45.495171,-0.78125,38.984,-0.644531,267.0,0.0048,0.0,1.0,1.0,4.232494,0.0048,0.0,0.0
1967,337011,2025-01-19 17:13:30,3.90191,33.666088,35.0,5.94618,,,,,2.468359,5.442005,1.0,1.0,378.636,31.269527,202.286,-6.172629,5.535301,0.668403,5.863715,3.987992,0.0526,0.0,34.900002,0.099998,4.232494,430.59317,45.595222,-0.785591,38.988,-1.855469,267.0,0.0048,0.0,1.0,1.0,4.232494,0.0048,0.0,0.0
1967,337012,2025-01-19 17:13:31,3.953993,33.666088,35.0,5.945457,,,,,2.468994,5.472058,1.0,1.0,396.232,29.960934,202.286,-6.750363,5.535301,0.668403,5.863715,3.987992,0.0526,0.0,34.900002,0.099998,4.232494,430.59317,45.595222,-0.78125,38.988,-2.050781,267.0,0.0048,0.0,1.0,1.0,4.232494,0.0048,0.0,0.0
1967,337013,2025-01-19 17:13:31,3.956163,33.666088,35.0,5.945457,,,,,2.465591,5.483541,1.0,1.0,416.872,30.917965,202.286,-6.081408,5.534577,0.668403,5.863715,3.987992,0.0526,0.0,34.900002,0.099998,4.232494,436.214966,45.595222,-0.776909,38.988,-1.074219,267.0,0.0048,0.0,1.0,1.0,4.232494,0.0048,0.0,0.0
1967,337014,2025-01-19 17:13:32,3.973524,33.666088,35.0,5.94618,,,,,2.468024,5.480977,1.0,1.0,436.551,34.023434,202.286,-5.898966,5.533131,0.668403,5.863715,3.987992,0.0526,0.0,34.900002,0.099998,4.232494,448.213043,45.501053,-0.77257,38.988,-0.429687,266.0,0.0048,0.0,1.0,1.0,4.232494,0.0048,0.0,0.0
1967,337015,2025-01-19 17:13:32,3.917101,33.666088,35.0,5.944734,,,,,2.472906,5.489754,1.0,1.0,470.317,34.785152,202.286,-6.659142,5.533131,0.666233,5.863715,3.987992,0.0526,0.0,34.900002,0.099998,4.232494,458.014252,45.495171,-0.755209,38.988,-1.71875,267.0,0.0048,0.0,1.0,1.0,4.232494,0.0048,0.0,0.0
1967,337016,2025-01-19 17:13:33,3.91276,33.666088,35.0,5.945457,,,,,2.47219,5.494844,1.0,1.0,486.799,29.570309,202.286,-6.355072,5.534577,0.666233,5.863715,3.987992,0.0526,0.0,34.900002,0.099998,4.232494,461.602539,45.495171,-0.755209,38.988,-1.738281,266.0,0.0048,0.0,1.0,1.0,4.232494,0.0048,0.0,0.0
1967,337017,2025-01-19 17:13:33,3.958333,33.651619,35.0,5.944734,,,,,2.473462,5.492474,1.0,1.0,496.077,29.160152,202.286,-6.689549,5.535301,0.668403,5.863715,3.987992,0.0526,0.0,34.900002,0.099998,4.232494,463.45401,45.395115,-0.763889,38.988,-0.605469,266.0,0.0048,0.0,1.0,1.0,4.232494,0.0048,0.0,0.0
1968,337108,2025-01-19 17:14:20,4.003906,33.695023,35.0,5.945457,,,,,2.455519,5.41862,1.0,1.0,520.0,9.414062,202.286,-6.415885,5.533131,0.666233,5.862992,3.987992,0.0526,0.0,34.900002,0.099998,4.232494,461.100403,45.195007,-0.677084,38.992,-0.722656,266.0,0.0048,0.0,1.0,1.0,4.232494,0.0048,0.0,0.0
1968,337109,2025-01-19 17:14:20,4.06033,33.695023,35.0,5.944734,,,,,2.451014,5.432597,1.0,1.0,520.0,9.140624,202.286,-6.324665,5.533131,0.668403,5.863715,3.987992,0.0526,0.0,34.900002,0.099998,4.232494,457.507446,45.100838,-0.664063,38.992,-1.40625,266.0,0.0048,0.0,1.0,1.0,4.232494,0.0048,0.0,0.0
1968,337110,2025-01-19 17:14:21,4.05599,33.695023,35.0,5.944734,,,,,2.445527,5.463488,1.0,1.0,520.0,9.101562,202.286,-6.750363,5.533131,0.668403,5.862992,3.987992,0.0526,0.0,34.900002,0.099998,4.232494,457.507446,45.094952,-0.664063,38.988,-1.210937,266.0,0.0048,0.0,1.0,1.0,4.232494,0.0048,0.0,0.0
1968,337111,2025-01-19 17:14:21,4.05599,33.695023,35.0,5.944734,,,,,2.445527,5.463488,1.0,1.0,520.0,9.101562,202.286,-6.750363,5.533131,0.668403,5.862992,3.987992,0.0526,0.0,34.900002,0.099998,4.232494,457.507446,45.094952,-0.664063,38.988,-1.210937,266.0,0.0048,0.0,1.0,1.0,4.232494,0.0048,0.0,0.0
1968,337112,2025-01-19 17:14:22,4.027778,33.695023,35.0,5.944734,,,,,2.444718,5.41657,1.0,1.0,397.324,-42.812496,202.786,-8.392344,5.533854,0.668403,5.862992,3.987992,0.0526,0.0,34.900002,0.099998,4.232494,450.033844,45.094952,-0.694445,38.992,-0.410156,266.0,0.0048,0.0,1.0,1.0,4.232494,0.0048,0.0,0.0
1968,337113,2025-01-19 17:14:22,4.027778,33.695023,35.0,5.945457,,,,,2.444153,5.404406,1.0,1.0,290.119,-41.035152,202.786,-11.220198,5.534577,0.668403,5.862992,3.987992,0.0526,0.0,34.900002,0.099998,4.232494,450.033844,45.094952,-0.694445,38.992,-2.109375,266.0,0.0048,0.0,1.0,1.0,4.232494,0.0048,0.0,0.0
1968,337114,2025-01-19 17:14:23,3.947483,33.695023,35.0,5.94618,,,,,2.441101,5.380511,1.0,1.0,191.721,-38.378902,202.786,-11.068163,5.533131,0.668403,5.863715,3.987992,0.0526,0.0,34.900002,0.099998,4.232494,455.808319,45.000782,-0.707466,38.992,-1.777344,266.0,0.0048,0.0,1.0,1.0,4.232494,0.0048,0.0,0.0
1968,337115,2025-01-19 17:14:23,3.880208,33.695023,35.0,5.944734,,,,,2.441751,5.370285,1.0,1.0,100.522,-38.574215,202.786,-9.882288,5.533131,0.668403,5.863715,3.987992,0.0525,0.0,34.900002,0.099998,4.232494,459.347961,44.9949,-0.672743,38.988,-0.722656,266.0,0.0048,0.0,1.0,1.0,4.232494,0.0048,0.0,0.0
1968,337116,2025-01-19 17:14:24,4.027778,33.695023,35.0,5.944734,,,,,2.444556,5.360415,1.0,1.0,-4.997,-22.363279,202.786,-9.912695,5.531684,0.668403,5.862992,3.987992,0.0526,0.0,34.900002,0.099998,4.232494,461.915985,44.90073,-0.707466,38.992,-1.621094,266.0,0.0048,0.0,1.0,1.0,4.232494,0.0048,0.0,0.0
1968,337117,2025-01-19 17:14:24,3.897569,33.695023,35.0,5.944734,,,,,2.444673,5.329915,1.0,1.0,-5.003,-16.445311,202.345,-10.946534,5.532407,0.668403,5.863715,3.987992,0.0526,0.0,34.900002,0.099998,4.232494,468.393372,44.800678,-0.690104,64.923,-17.441404,266.0,0.0048,0.0,1.0,1.0,4.232494,0.0048,0.0,0.0
1968,337118,2025-01-19 17:14:25,3.938802,33.695023,35.0,5.946904,,,,,2.441672,5.316254,1.0,1.0,-5.0,-16.132811,202.345,-6.689549,5.532407,0.668403,5.863715,3.987992,0.0526,0.0,34.900002,0.099998,4.232494,468.393372,44.794788,-0.659721,107.451,2.226562,266.0,0.0048,0.0,1.0,1.0,4.232494,0.0048,0.0,0.0
1968,337119,2025-01-19 17:14:26,3.869358,33.695023,35.0,5.944734,,,,,2.436686,5.274213,1.0,1.0,5.323,31.582027,202.345,-4.044137,5.532407,0.666233,5.863715,3.987992,0.0526,0.0,34.900002,0.099998,4.232494,466.313538,44.700623,-0.651041,106.971,4.648437,266.0,0.0048,0.0,1.0,1.0,4.232494,0.0048,0.0,0.0
1968,337120,2025-01-19 17:14:26,3.878038,33.695023,35.0,5.94618,,,,,2.434942,5.275887,1.0,1.0,23.912,28.066402,202.345,-4.287393,5.532407,0.668403,5.863715,3.987992,0.0526,0.0,34.900002,0.099998,4.232494,463.656616,44.700623,-0.651041,106.968,3.789062,266.0,0.0048,0.0,1.0,1.0,4.232494,0.0048,0.0,0.0
1968,337121,2025-01-19 17:14:27,3.878038,33.695023,35.0,5.94618,,,,,2.433998,5.304867,1.0,1.0,42.958,26.972654,202.345,-4.348207,5.532407,0.668403,5.863715,3.987992,0.0526,0.0,34.900002,0.099998,4.232494,462.465729,44.600571,-0.659721,106.968,2.597656,266.0,0.0048,0.0,1.0,1.0,4.232494,0.0048,0.0,0.0
1968,337122,2025-01-19 17:14:27,3.856337,33.680557,35.0,5.944734,,,,,2.431552,5.320919,1.0,1.0,61.356,23.144529,202.345,-4.378614,5.533854,0.668403,5.863715,3.987992,0.0526,0.0,34.900002,0.099998,4.232494,462.120239,44.594685,-0.646702,106.971,1.699219,266.0,0.0048,0.0,1.0,1.0,4.232494,0.0048,0.0,0.0
1968,337123,2025-01-19 17:14:28,3.886719,33.680557,35.0,5.944734,,,,,2.431963,5.301594,1.0,1.0,80.23,25.566404,202.345,-4.044137,5.534577,0.668403,5.863715,3.987992,0.0526,0.0,34.900002,0.099998,4.232494,461.974945,44.500515,-0.672743,106.971,0.0,266.0,0.0048,0.0,1.0,1.0,4.232494,0.0048,0.0,0.0
1968,337124,2025-01-19 17:14:28,3.886719,33.680557,35.0,5.944734,,,,,2.431227,5.270924,1.0,1.0,102.316,25.234373,202.345,-4.165764,5.534577,0.668403,5.863715,3.987992,0.0516,0.0,34.900002,0.099998,4.232494,461.317108,44.494629,-0.651041,106.975,-0.566406,266.0,0.0048,0.0,1.0,1.0,4.232494,0.0048,0.0,0.0
1968,337125,2025-01-19 17:14:29,3.897569,33.680557,35.0,5.944734,,,,,2.428567,5.249667,1.0,1.0,116.232,27.695311,202.345,-4.530649,5.533131,0.668403,5.863715,3.987992,0.0516,0.0,34.900002,0.099998,4.232494,460.692688,44.494629,-0.677084,106.979,-1.40625,266.0,0.0048,0.0,1.0,1.0,4.232494,0.0048,0.0,0.0
1968,337126,2025-01-19 17:14:29,3.849826,33.680557,35.0,5.94401,,,,,2.420983,5.27899,1.0,1.0,155.916,24.062498,202.345,-4.591463,5.533854,0.668403,5.863715,3.987992,0.0526,0.0,34.900002,0.099998,4.232494,461.915985,44.394573,-0.659721,106.983,-3.417969,266.0,0.0048,0.0,1.0,1.0,4.232494,0.0048,0.0,0.0
1968,337127,2025-01-19 17:14:30,3.884549,33.680557,35.0,5.944734,,,,,2.414381,5.254498,1.0,1.0,174.953,23.906248,202.345,-4.773905,5.533131,0.668403,5.863715,3.987992,0.0526,0.0,34.900002,0.099998,4.232494,463.010956,44.300404,-0.63368,106.983,-3.046875,266.0,0.0048,0.0,1.0,1.0,4.232494,0.0048,0.0,0.0
1968,337128,2025-01-19 17:14:30,3.862847,33.680557,35.0,5.94618,,,,,2.40964,5.24448,1.0,1.0,189.35,25.605467,202.345,-4.83472,5.533854,0.668403,5.863715,3.987992,0.0526,0.0,34.900002,0.099998,4.232494,463.010956,44.294518,-0.63368,106.983,-2.890625,266.0,0.0048,0.0,1.0,1.0,4.232494,0.0048,0.0,0.0
1968,337129,2025-01-19 17:14:31,3.880208,33.680557,35.0,5.94618,,,,,2.40316,5.233595,1.0,1.0,211.596,26.035154,202.345,-4.925941,5.533854,0.668403,5.863715,3.987992,0.0526,0.0,34.900002,0.099998,4.232494,463.010956,44.200352,-0.625,106.987,-3.496094,266.0,0.0048,0.0,1.0,1.0,4.232494,0.0048,0.0,0.0
1968,337130,2025-01-19 17:14:31,3.891059,33.680557,35.0,5.945457,,,,,2.401347,5.206716,1.0,1.0,228.711,28.80859,202.345,-4.773905,5.534577,0.668403,5.863715,3.987992,0.0526,0.0,34.900002,0.099998,4.232494,466.375549,44.194469,-0.63368,106.987,-2.929687,266.0,0.0048,0.0,1.0,1.0,4.232494,0.0048,0.0,0.0
1968,337131,2025-01-19 17:14:32,3.838976,33.680557,35.0,5.94401,,,,,2.399095,5.222189,1.0,1.0,248.072,28.164059,202.345,-4.895534,5.532407,0.668403,5.863715,3.987992,0.0517,0.0,34.900002,0.099998,4.232494,465.824036,44.1003,-0.625,106.987,-3.007812,266.0,0.0048,0.0,1.0,1.0,4.232494,0.0048,0.0,0.0
1968,337132,2025-01-19 17:14:32,3.828125,33.680557,35.0,5.944734,,,,,2.39428,5.169732,1.0,1.0,269.354,27.109373,202.345,-4.895534,5.533854,0.668403,5.863715,3.987992,0.0517,0.0,34.900002,0.099998,4.232494,463.010956,44.000244,-0.63368,106.987,-3.671875,266.0,0.0048,0.0,1.0,1.0,4.232494,0.0048,0.0,0.0
1968,337133,2025-01-19 17:14:33,3.89974,33.680557,35.0,5.945457,,,,,2.391183,5.132958,1.0,1.0,289.191,27.558592,202.345,-4.865127,5.533854,0.668403,5.863715,3.987992,0.0517,0.0,34.900002,0.099998,4.232494,461.368011,43.994358,-0.61632,106.991,-3.183594,265.0,0.0048,0.0,1.0,1.0,4.232494,0.0048,0.0,0.0
1968,337134,2025-01-19 17:14:33,3.832465,33.680557,35.0,5.945457,,,,,2.385979,5.147083,1.0,1.0,311.109,30.722652,202.345,-4.865127,5.532407,0.666233,5.863715,3.987992,0.0517,0.0,34.900002,0.099998,4.232494,459.941223,43.900188,-0.625,106.991,-3.261719,266.0,0.0048,0.0,1.0,1.0,4.232494,0.0048,0.0,0.0
1968,337135,2025-01-19 17:14:34,3.786892,33.680557,35.0,5.94401,,,,,2.38617,5.128293,1.0,1.0,330.792,33.457027,202.345,-4.773905,5.533131,0.666233,5.863715,3.987992,0.0517,0.0,34.900002,0.099998,4.232494,458.518707,43.894306,-0.603298,106.991,-3.75,266.0,0.0048,0.0,1.0,1.0,4.232494,0.0048,0.0,0.0
1968,337136,2025-01-19 17:14:34,3.804254,33.666088,35.0,5.94401,,,,,2.3847,5.123973,1.0,1.0,352.714,34.179684,202.345,-4.773905,5.532407,0.668403,5.863715,3.987992,0.0517,0.0,34.900002,0.099998,4.232494,454.517822,43.894306,-0.581596,106.991,-3.28125,266.0,0.0048,0.0,1.0,1.0,4.232494,0.0048,0.0,0.0
1968,337137,2025-01-19 17:14:35,3.90191,33.666088,35.0,5.945457,,,,,2.383561,5.114237,1.0,1.0,372.235,32.324215,202.345,-4.743498,5.533854,0.668403,5.863715,3.987992,0.0517,0.0,34.900002,0.099998,4.232494,448.626251,43.894306,-0.577257,106.991,-3.242187,266.0,0.0048,0.0,1.0,1.0,4.232494,0.0048,0.0,0.0
1968,337138,2025-01-19 17:14:35,3.878038,33.666088,35.0,5.945457,,,,,2.383665,5.114328,1.0,1.0,389.036,30.703121,202.345,-5.047569,5.533131,0.668403,5.863715,3.987992,0.0517,0.0,34.900002,0.099998,4.232494,448.626251,43.894306,-0.594618,106.991,-3.183594,265.0,0.0048,0.0,1.0,1.0,4.232494,0.0048,0.0,0.0
1968,337139,2025-01-19 17:14:36,3.921441,33.666088,35.0,5.94618,,,,,2.384349,5.106853,1.0,1.0,407.75,31.855465,202.345,-4.925941,5.533131,0.668403,5.863715,3.987992,0.0516,0.0,34.900002,0.099998,4.232494,444.537354,43.894306,-0.594618,106.991,-3.652343,266.0,0.0048,0.0,1.0,1.0,4.232494,0.0048,0.0,0.0
1968,337140,2025-01-19 17:14:36,3.819444,33.666088,35.0,5.946904,,,,,2.377779,5.106883,1.0,1.0,421.991,34.199215,202.345,-4.713091,5.532407,0.668403,5.863715,3.987992,0.0517,0.0,34.900002,0.099998,4.232494,443.886261,43.894306,-0.585938,106.991,-3.691406,266.0,0.0048,0.0,1.0,1.0,4.232494,0.0048,0.0,0.0
1968,337141,2025-01-19 17:14:37,3.810764,33.666088,35.0,5.94618,,,,,2.37978,5.106731,1.0,1.0,442.952,35.878902,202.345,-5.260418,5.533854,0.668403,5.863715,3.987992,0.0516,0.0,34.900002,0.099998,4.232494,444.992126,43.894306,-0.559896,106.991,-3.59375,266.0,0.0048,0.0,1.0,1.0,4.232494,0.0048,0.0,0.0
1968,337142,2025-01-19 17:14:37,3.867188,33.666088,35.0,5.94401,,,,,2.381774,5.071432,1.0,1.0,479.918,31.62109,202.345,-4.743498,5.532407,0.668403,5.863715,3.987992,0.0516,0.0,34.900002,0.099998,4.232494,452.00705,43.894306,-0.546875,106.991,-3.59375,266.0,0.0048,0.0,1.0,1.0,4.232494,0.0048,0.0,0.0
1969,337235,2025-01-19 17:15:25,4.001736,33.695023,35.0,5.94401,,,,,2.530784,5.658401,1.0,1.0,520.0,9.355468,202.345,-6.051001,5.533131,0.666233,5.862992,3.987992,0.0526,0.0,34.900002,0.099998,4.232494,467.947601,46.095493,-0.776909,106.994,-3.652343,266.0,0.0048,0.0,1.0,1.0,4.232494,0.0048,0.0,0.0
1969,337236,2025-01-19 17:15:25,4.001736,33.695023,35.0,5.94401,,,,,2.526079,5.665116,1.0,1.0,520.0,9.296874,202.345,-5.898966,5.533131,0.666233,5.862992,3.987992,0.0526,0.0,34.900002,0.099998,4.232494,467.307098,45.995438,-0.802952,106.994,-3.164062,265.0,0.0048,0.0,1.0,1.0,4.232494,0.0048,0.0,0.0
1969,337237,2025-01-19 17:15:26,3.971354,33.695023,35.0,5.943287,,,,,2.526025,5.660939,1.0,1.0,513.454,-48.730465,202.843,-0.060814,5.533131,0.666233,5.862992,3.987992,0.0526,0.0,34.900002,0.099998,4.232494,465.25824,45.995438,-0.824654,106.994,-3.476562,266.0,0.0048,0.0,1.0,1.0,4.232494,0.0048,0.0,0.0
1969,337238,2025-01-19 17:15:27,4.008246,33.695023,35.0,5.94401,,,,,2.51865,5.62075,1.0,1.0,327.722,-40.175777,202.845,-10.976941,5.531684,0.668403,5.862992,3.987992,0.0526,0.0,34.900002,0.099998,4.232494,459.681458,45.895382,-0.833334,106.994,-2.988281,265.0,0.0048,0.0,1.0,1.0,4.232494,0.0048,0.0,0.0
1969,337239,2025-01-19 17:15:28,4.110243,33.695023,35.0,5.94401,,,,,2.516693,5.569939,1.0,1.0,218.932,-42.988277,202.845,-11.433047,5.532407,0.668403,5.862992,3.987992,0.0526,0.0,34.900002,0.099998,4.232494,459.681458,45.895382,-0.846354,106.994,-3.613281,266.0,0.0048,0.0,1.0,1.0,4.232494,0.0048,0.0,0.0
1969,337240,2025-01-19 17:15:28,4.023438,33.695023,35.0,5.942564,,,,,2.515498,5.547754,1.0,1.0,117.321,-38.105465,202.845,-10.88572,5.532407,0.668403,5.862992,3.987992,0.0526,0.0,34.900002,0.099998,4.232494,459.681458,45.895382,-0.837673,106.994,-3.007812,266.0,0.0048,0.0,1.0,1.0,4.232494,0.0048,0.0,0.0
1969,337241,2025-01-19 17:15:29,3.975694,33.695023,35.0,5.943287,,,,,2.512842,5.562152,1.0,1.0,19.718,-39.843746,202.845,-10.824906,5.532407,0.668403,5.862992,3.987992,0.0526,0.0,34.900002,0.099998,4.232494,459.681458,45.795334,-0.811632,106.994,-3.203125,266.0,0.0048,0.0,1.0,1.0,4.232494,0.0048,0.0,0.0
1969,337242,2025-01-19 17:15:29,3.949653,33.695023,35.0,5.94401,,,,,2.5113,5.542534,1.0,1.0,-5.006,-19.160154,202.405,-19.551727,5.531684,0.668403,5.862992,3.987992,0.0526,0.0,34.900002,0.099998,4.232494,459.681458,45.795334,-0.842014,106.994,-3.496094,266.0,0.0048,0.0,1.0,1.0,4.232494,0.0048,0.0,0.0
1969,337243,2025-01-19 17:15:30,3.934462,33.695023,35.0,5.945457,,,,,2.509768,5.553551,1.0,1.0,-5.001,-15.683592,202.405,-12.892585,5.531684,0.668403,5.862268,3.987992,0.0525,0.0,34.900002,0.099998,4.232494,463.08255,45.701164,-0.811632,161.319,-13.398437,265.0,0.0048,0.0,1.0,1.0,4.232494,0.0048,0.0,0.0
1969,337244,2025-01-19 17:15:30,3.943142,33.695023,35.0,5.94401,,,,,2.503144,5.568108,1.0,1.0,-3.726,18.710936,202.405,-8.331529,5.529514,0.668403,5.862992,3.987992,0.0516,0.0,34.900002,0.099998,4.232494,464.340271,45.595222,-0.798611,174.982,5.136718,266.0,0.0048,0.0,1.0,1.0,4.232494,0.0048,0.0,0.0
1969,337245,2025-01-19 17:15:31,3.943142,33.695023,35.0,5.94401,,,,,2.503144,5.568108,1.0,1.0,-3.726,18.710936,202.405,-8.331529,5.529514,0.668403,5.862992,3.987992,0.0516,0.0,34.900002,0.099998,4.232494,464.340271,45.595222,-0.798611,174.982,5.136718,266.0,0.0048,0.0,1.0,1.0,4.232494,0.0048,0.0,0.0
1969,337246,2025-01-19 17:15:31,3.943142,33.695023,35.0,5.94401,,,,,2.503071,5.545809,1.0,1.0,12.72,28.144527,202.405,-8.666006,5.529514,0.668403,5.862992,3.987992,0.0516,0.0,34.900002,0.099998,4.232494,462.479553,45.595222,-0.798611,174.97,3.808593,266.0,0.0048,0.0,1.0,1.0,4.232494,0.0048,0.0,0.0
1969,337247,2025-01-19 17:15:32,3.91059,33.695023,35.0,5.944734,,,,,2.49491,5.50947,1.0,1.0,53.678,25.390623,202.405,-9.274147,5.531684,0.666233,5.862268,3.987992,0.0516,0.0,34.900002,0.099998,4.232494,462.479553,45.495171,-0.785591,174.974,2.402344,266.0,0.0048,0.0,1.0,1.0,4.232494,0.0048,0.0,0.0
1969,337248,2025-01-19 17:15:32,3.91059,33.695023,35.0,5.94401,,,,,2.49141,5.495019,1.0,1.0,73.349,25.468748,202.405,-8.93967,5.530961,0.668403,5.862992,3.987992,0.0525,0.0,34.900002,0.099998,4.232494,462.479553,45.395115,-0.802952,174.974,2.070312,266.0,0.0048,0.0,1.0,1.0,4.232494,0.0048,0.0,0.0
1969,337249,2025-01-19 17:15:33,3.919271,33.695023,35.0,5.94401,,,,,2.490827,5.469815,1.0,1.0,92.872,26.425779,202.405,-9.486997,5.531684,0.666233,5.862992,3.987992,0.0526,0.0,34.900002,0.099998,4.232494,462.479553,45.395115,-0.785591,174.978,0.097656,266.0,0.0048,0.0,1.0,1.0,4.232494,0.0048,0.0,0.0
1969,337250,2025-01-19 17:15:33,3.984375,33.695023,35.0,5.94401,,,,,2.491979,5.493651,1.0,1.0,110.952,27.167967,202.405,-9.821474,5.530961,0.668403,5.862992,3.987992,0.0526,0.0,34.900002,0.099998,4.232494,462.479553,45.300949,-0.78125,174.978,0.039062,266.0,0.0048,0.0,1.0,1.0,4.232494,0.0048,0.0,0.0
1969,337251,2025-01-19 17:15:34,3.90842,33.695023,35.0,5.94401,,,,,2.489607,5.49544,1.0,1.0,129.516,25.039061,202.405,-9.851881,5.530961,0.668403,5.862992,3.987992,0.0526,0.0,34.900002,0.099998,4.232494,462.479553,45.300949,-0.78993,174.978,-0.117187,266.0,0.0048,0.0,1.0,1.0,4.232494,0.0048,0.0,0.0
1969,337252,2025-01-19 17:15:34,3.895399,33.695023,35.0,5.94401,,,,,2.486345,5.472075,1.0,1.0,150.796,24.746092,202.405,-9.578218,5.533854,0.668403,5.862992,3.987992,0.0526,0.0,34.900002,0.099998,4.232494,473.461395,45.295063,-0.776909,174.982,-1.308594,265.0,0.0048,0.0,1.0,1.0,4.232494,0.0048,0.0,0.0
1969,337253,2025-01-19 17:15:35,3.886719,33.695023,35.0,5.94184,,,,,2.481414,5.434873,1.0,1.0,166.156,23.339842,202.405,-9.791067,5.532407,0.668403,5.862992,3.987992,0.0526,0.0,34.900002,0.099998,4.232494,479.292206,45.100838,-0.785591,174.982,-1.601562,266.0,0.0048,0.0,1.0,1.0,4.232494,0.0048,0.0,0.0
1969,337254,2025-01-19 17:15:35,3.932292,33.695023,35.0,5.943287,,,,,2.4791,5.398861,1.0,1.0,188.389,24.707029,202.405,-9.426183,5.532407,0.666233,5.862992,3.987992,0.0516,0.0,34.900002,0.099998,4.232494,479.292206,45.000782,-0.763889,174.982,-0.820312,266.0,0.0048,0.0,1.0,1.0,4.232494,0.0048,0.0,0.0
1969,337255,2025-01-19 17:15:36,3.819444,33.680557,35.0,5.943287,,,,,2.476835,5.389185,1.0,1.0,207.432,27.324217,202.405,-9.45659,5.533131,0.666233,5.862268,3.987992,0.0516,0.0,34.900002,0.099998,4.232494,481.675354,44.90073,-0.798611,174.985,-1.601562,265.0,0.0048,0.0,1.0,1.0,4.232494,0.0048,0.0,0.0
1969,337256,2025-01-19 17:15:36,3.819444,33.680557,35.0,5.943287,,,,,2.47355,5.370869,1.0,1.0,225.032,26.992186,202.405,-9.821474,5.531684,0.668403,5.862268,3.987992,0.0516,0.0,34.900002,0.099998,4.232494,483.191498,44.800678,-0.776909,174.985,-1.757812,266.0,0.0048,0.0,1.0,1.0,4.232494,0.0048,0.0,0.0
1969,337257,2025-01-19 17:15:37,3.823785,33.680557,35.0,5.944734,,,,,2.465789,5.33481,1.0,1.0,239.432,27.851561,202.405,-9.061298,5.531684,0.668403,5.862268,3.987992,0.0516,0.0,34.900002,0.099998,4.232494,483.191498,44.700623,-0.776909,174.985,-1.5625,266.0,0.0048,0.0,1.0,1.0,4.232494,0.0048,0.0,0.0
1969,337258,2025-01-19 17:15:37,3.789063,33.680557,35.0,5.943287,,,,,2.457246,5.329011,1.0,1.0,265.996,28.203121,202.405,-9.730253,5.532407,0.666233,5.862268,3.987992,0.0516,0.0,34.900002,0.099998,4.232494,483.191498,44.600571,-0.768229,174.985,-0.78125,266.0,0.0048,0.0,1.0,1.0,4.232494,0.0048,0.0,0.0
1969,337259,2025-01-19 17:15:38,3.776042,33.680557,35.0,5.942564,,,,,2.452059,5.299092,1.0,1.0,284.233,26.308592,202.405,-9.213333,5.530961,0.666233,5.862268,3.987992,0.0516,0.0,34.900002,0.099998,4.232494,483.191498,44.400459,-0.746529,174.989,-1.757812,266.0,0.0048,0.0,1.0,1.0,4.232494,0.0048,0.0,0.0
1969,337260,2025-01-19 17:15:38,3.776042,33.680557,35.0,5.94184,,,,,2.446597,5.251196,1.0,1.0,303.269,27.792967,202.405,-9.547811,5.531684,0.666233,5.862268,3.987992,0.0516,0.0,34.900002,0.099998,4.232494,479.292206,44.300404,-0.746529,174.989,-1.855469,266.0,0.0048,0.0,1.0,1.0,4.232494,0.0048,0.0,0.0
1969,337261,2025-01-19 17:15:39,3.812934,33.680557,35.0,5.94184,,,,,2.438675,5.23061,1.0,1.0,321.834,31.46484,202.405,-9.213333,5.530961,0.668403,5.862268,3.987992,0.0516,0.0,34.900002,0.099998,4.232494,474.636871,44.200352,-0.733507,174.985,-1.25,266.0,0.0048,0.0,1.0,1.0,4.232494,0.0048,0.0,0.0
1969,337262,2025-01-19 17:15:39,3.74566,33.680557,35.0,5.942564,,,,,2.432833,5.217354,1.0,1.0,347.912,34.062496,202.405,-9.486997,5.530961,0.666233,5.862268,3.987992,0.0516,0.0,34.900002,0.099998,4.232494,469.403534,44.194469,-0.733507,174.985,-1.992187,266.0,0.0048,0.0,1.0,1.0,4.232494,0.0048,0.0,0.0
1969,337263,2025-01-19 17:15:40,3.834635,33.680557,35.0,5.942564,,,,,2.422144,5.204524,1.0,1.0,378.314,31.132809,202.405,-9.395776,5.530961,0.668403,5.862268,3.987992,0.0516,0.0,34.900002,0.099998,4.232494,447.762451,44.094414,-0.681423,174.989,-2.070312,266.0,0.0048,0.0,1.0,1.0,4.232494,0.0048,0.0,0.0
1969,337264,2025-01-19 17:15:40,3.695746,33.680557,35.0,5.941117,,,,,2.414311,5.154547,1.0,1.0,394.952,31.113277,202.405,-9.821474,5.532407,0.668403,5.862992,3.987992,0.0516,0.0,34.900002,0.099998,4.232494,447.762451,44.094414,-0.681423,174.989,-1.855469,266.0,0.0048,0.0,1.0,1.0,4.232494,0.0048,0.0,0.0
1969,337265,2025-01-19 17:15:41,3.739149,33.680557,35.0,5.943287,,,,,2.412675,5.173378,1.0,1.0,413.99,32.968746,202.405,-9.304554,5.530961,0.666233,5.862992,3.987992,0.0516,0.0,34.900002,0.099998,4.232494,437.435364,44.094414,-0.681423,174.985,-1.132812,266.0,0.0048,0.0,1.0,1.0,4.232494,0.0048,0.0,0.0
1969,337266,2025-01-19 17:15:41,3.812934,33.680557,35.0,5.942564,,,,,2.410573,5.16346,1.0,1.0,439.432,34.726559,202.405,-9.274147,5.530237,0.668403,5.862268,3.987992,0.0516,0.0,34.900002,0.099998,4.232494,446.162415,44.194469,-0.698784,174.989,-1.757812,266.0,0.0048,0.0,1.0,1.0,4.232494,0.0048,0.0,0.0
1969,337267,2025-01-19 17:15:42,3.884549,33.680557,35.0,5.942564,,,,,2.408394,5.176404,1.0,1.0,454.954,37.636715,202.405,-9.365369,5.530237,0.668403,5.862268,3.987992,0.0516,0.0,34.900002,0.099998,4.232494,446.162415,44.194469,-0.668404,174.989,-1.132812,266.0,0.0048,0.0,1.0,1.0,4.232494,0.0048,0.0,0.0
1969,337268,2025-01-19 17:15:42,3.765191,33.680557,35.0,5.943287,,,,,2.403949,5.167679,1.0,1.0,483.597,30.859371,202.405,-9.122112,5.530237,0.666233,5.862268,3.987992,0.0516,0.0,34.900002,0.099998,4.232494,452.750336,44.000244,-0.63368,174.989,-0.429687,266.0,0.0048,0.0,1.0,1.0,4.232494,0.0048,0.0,0.0
1970,337360,2025-01-19 17:16:30,3.802083,33.709492,35.0,5.943287,,,,,2.353958,4.952911,1.0,1.0,520.0,9.179687,202.405,-8.970077,5.530961,0.666233,5.862268,3.987992,0.0516,0.0,34.900002,0.099998,4.232494,468.014679,43.399918,-0.507813,174.989,-1.953125,265.0,0.0048,0.0,1.0,1.0,4.232494,0.0048,0.0,0.0
1970,337361,2025-01-19 17:16:30,3.802083,33.709492,35.0,5.94184,,,,,2.351582,4.937511,1.0,1.0,520.0,9.101562,202.405,-9.547811,5.530961,0.668403,5.862268,3.987992,0.0516,0.0,34.900002,0.099998,4.232494,462.515686,43.299866,-0.507813,174.989,-0.820312,265.0,0.0048,0.0,1.0,1.0,4.232494,0.0048,0.0,0.0
1970,337362,2025-01-19 17:16:31,3.828125,33.709492,35.0,5.942564,,,,,2.344493,4.968893,1.0,1.0,475.744,-46.93359,202.905,0.51692,5.530237,0.668403,5.862268,3.987992,0.0517,0.0,34.900002,0.099998,4.232494,457.415741,43.299866,-0.46875,174.989,-0.527344,265.0,0.0048,0.0,1.0,1.0,4.232494,0.0048,0.0,0.0
1970,337363,2025-01-19 17:16:31,3.828125,33.709492,35.0,5.942564,,,,,2.344493,4.968893,1.0,1.0,475.744,-46.93359,202.905,0.51692,5.530237,0.668403,5.862268,3.987992,0.0517,0.0,34.900002,0.099998,4.232494,457.415741,43.299866,-0.46875,174.989,-0.527344,265.0,0.0048,0.0,1.0,1.0,4.232494,0.0048,0.0,0.0
1970,337364,2025-01-19 17:16:32,3.828125,33.709492,35.0,5.942564,,,,,2.343719,4.982406,1.0,1.0,289.324,-41.054684,202.905,-12.041188,5.531684,0.668403,5.862268,3.987992,0.0516,0.0,34.900002,0.099998,4.232494,437.239319,43.394035,-0.520834,174.989,-1.914062,265.0,0.0048,0.0,1.0,1.0,4.232494,0.0048,0.0,0.0
1970,337365,2025-01-19 17:16:32,3.858507,33.709492,35.0,5.942564,,,,,2.340712,4.975629,1.0,1.0,194.925,-41.386715,202.905,-12.254037,5.530237,0.668403,5.862268,3.987992,0.0516,0.0,34.900002,0.099998,4.232494,430.629791,43.394035,-0.516493,174.989,-1.347656,265.0,0.0048,0.0,1.0,1.0,4.232494,0.0048,0.0,0.0
1970,337366,2025-01-19 17:16:33,3.858507,33.695023,35.0,5.94184,,,,,2.340511,4.974571,1.0,1.0,118.923,-38.437496,202.905,-11.858746,5.530237,0.666233,5.862268,3.987992,0.0516,0.0,34.900002,0.099998,4.232494,430.629791,43.494087,-0.503471,174.989,-1.601562,265.0,0.0048,0.0,1.0,1.0,4.232494,0.0048,0.0,0.0
1970,337367,2025-01-19 17:16:33,3.873698,33.695023,35.0,5.942564,,,,,2.340406,4.98416,1.0,1.0,46.119,-38.320309,202.905,-11.706711,5.531684,0.668403,5.862268,3.987992,0.0516,0.0,34.900002,0.099998,4.232494,455.006775,43.494087,-0.494791,174.989,-0.820312,265.0,0.0048,0.0,1.0,1.0,4.232494,0.0048,0.0,0.0
1970,337368,2025-01-19 17:16:34,3.886719,33.695023,35.0,5.942564,,,,,2.340618,4.98958,1.0,1.0,-5.006,-19.570311,202.467,-19.734169,5.531684,0.668403,5.862268,3.987992,0.0516,0.0,34.900002,0.099998,4.232494,460.382446,43.399918,-0.47743,174.989,-1.113281,265.0,0.0048,0.0,1.0,1.0,4.232494,0.0048,0.0,0.0
1970,337369,2025-01-19 17:16:34,3.858507,33.695023,35.0,5.943287,,,,,2.340056,4.978188,1.0,1.0,-5.0,-16.015623,202.466,-12.770957,5.530237,0.666233,5.862268,3.988715,0.0516,0.0,34.900002,0.099998,4.232494,470.476044,43.19981,-0.416666,243.284,-4.511718,265.0,0.0048,0.0,1.0,1.0,4.232494,0.0048,0.0,0.0
1970,337370,2025-01-19 17:16:35,3.858507,33.695023,35.0,5.943287,,,,,2.340056,4.978188,1.0,1.0,-5.0,-16.015623,202.466,-12.770957,5.530237,0.666233,5.862268,3.988715,0.0516,0.0,34.900002,0.099998,4.232494,470.476044,43.19981,-0.416666,243.284,-4.511718,265.0,0.0048,0.0,1.0,1.0,4.232494,0.0048,0.0,0.0
1970,337371,2025-01-19 17:16:35,3.845486,33.695023,35.0,5.943287,,,,,2.335482,4.965693,1.0,1.0,4.678,32.656246,202.466,-9.608624,5.530237,0.668403,5.862268,3.988715,0.0516,0.0,34.900002,0.099998,4.232494,473.528564,42.999706,-0.442709,242.976,1.582031,265.0,0.0048,0.0,1.0,1.0,4.232494,0.0048,0.0,0.0
1970,337372,2025-01-19 17:16:36,3.845486,33.695023,35.0,5.943287,,,,,2.335482,4.965693,1.0,1.0,4.678,32.656246,202.466,-9.608624,5.530237,0.668403,5.862268,3.988715,0.0516,0.0,34.900002,0.099998,4.232494,473.528564,42.999706,-0.442709,242.976,1.582031,265.0,0.0048,0.0,1.0,1.0,4.232494,0.0048,0.0,0.0
1970,337373,2025-01-19 17:16:36,3.773871,33.695023,35.0,5.94184,,,,,2.331568,4.920444,1.0,1.0,45.196,25.429686,202.466,-10.551243,5.530237,0.668403,5.862268,3.987992,0.0516,0.0,34.900002,0.099998,4.232494,473.528564,42.899651,-0.429688,242.973,-0.566406,265.0,0.0048,0.0,1.0,1.0,4.232494,0.0048,0.0,0.0
1970,337374,2025-01-19 17:16:37,3.830295,33.695023,35.0,5.942564,,,,,2.329955,4.91994,1.0,1.0,65.836,23.085936,202.466,-11.189791,5.529514,0.668403,5.862268,3.987992,0.0516,0.0,34.900002,0.099998,4.232494,472.244965,42.899651,-0.429688,242.973,-2.148437,266.0,0.0048,0.0,1.0,1.0,4.232494,0.0048,0.0,0.0
1970,337375,2025-01-19 17:16:37,3.823785,33.695023,35.0,5.943287,,,,,2.325096,4.900797,1.0,1.0,83.753,26.445311,202.466,-10.824906,5.530237,0.666233,5.862268,3.987992,0.0516,0.0,34.900002,0.099998,4.232494,470.135071,42.799595,-0.412327,242.973,-1.914062,265.0,0.0048,0.0,1.0,1.0,4.232494,0.0048,0.0,0.0
