层数,序号,时间,成形室压力(mBar),成形室温度(℃),加热板温度(℃),氩气压力(Bar),CPU占用率(%),内存占用率(%),硬盘剩余容量(%),网络占用率(%),中效滤芯阻力(mBar),高效滤芯阻力(mBar),尘气室蝶阀状态(),净气室蝶阀状态(),刮刀位置(mm),刮刀扭矩(%),加工平台位置(mm),加工平台扭矩(%),卸灰蝶阀状态(),过滤器安全门锁(),压缩空气压力(Bar),环境氧含量(%),过滤器气源压力(Bar),脉冲清灰压力(Bar),基材加热监控用PT100(℃),基材加热PT100偏差(℃),预涂料钝化压力(Bar),喷水压力(Bar),气动蝶阀压力(Bar),循环气体实时流量(m3/h),风机转速(%),净气室压力(mBar),落粉轴角度(°),落粉轴扭矩(%),储粉桶物位计(mm),成形室氧含量(%),过滤器氧含量(%),灰桶料位(%),预涂料剩余重量(g),预涂料蝶阀状态()
398,181621,2025-05-17 23:25:26,2.467448,43.258102,63.400002,5.153357,,,,,4.324156,1.726734,1.0,1.0,530.0,26.523436,57.936,-10.064731,1.0,1.0,4.690393,20.926649,5.250289,5.113571,61.5,1.900002,4.696904,0.045573,4.696904,484.648621,44.494629,-4.618055,119.002,-31.855465,197.0,0.001,0.001,0.0,0.0,1.0
398,181622,2025-05-17 23:25:27,2.480469,43.258102,63.400002,5.152633,,,,,4.321167,1.679663,1.0,1.0,499.176,-46.015621,58.436,5.351639,1.0,1.0,4.688947,20.924479,5.250289,5.113571,61.5,1.900002,4.696904,0.045573,4.696904,484.648621,44.494629,-4.674479,119.002,-31.77734,197.0,0.001,0.001,0.0,0.0,1.0
398,181623,2025-05-17 23:25:27,2.382813,43.258102,63.400002,5.152633,,,,,4.323017,1.682056,1.0,1.0,378.896,-45.097652,58.436,-8.301122,1.0,1.0,4.690393,20.924479,5.250289,5.113571,61.5,1.900002,4.696904,0.045573,4.696904,484.345947,44.494629,-4.652779,119.002,-31.855465,197.0,0.001,0.001,0.0,0.0,1.0
398,181624,2025-05-17 23:25:28,2.382813,43.258102,63.400002,5.153357,,,,,4.323486,1.689843,1.0,1.0,332.47,-37.851559,58.436,-11.40264,1.0,1.0,4.690393,20.926649,5.250289,5.113571,61.5,1.900002,4.696904,0.045573,4.696904,483.069611,44.494629,-4.652779,119.002,-31.874996,197.0,0.001,0.001,0.0,0.0,1.0
398,181625,2025-05-17 23:25:29,2.443576,43.243633,63.400002,5.152633,,,,,4.318702,1.705164,1.0,1.0,242.059,-40.68359,58.436,-11.037756,1.0,1.0,4.68967,20.924479,5.250289,5.113571,61.5,1.900002,4.696904,0.045573,4.696904,483.069611,44.494629,-4.683159,119.002,-31.855465,197.0,0.001,0.001,0.0,0.0,1.0
398,181626,2025-05-17 23:25:29,2.402344,43.243633,63.400002,5.152633,,,,,4.314757,1.703595,1.0,1.0,56.488,-43.33984,58.436,-10.125545,1.0,1.0,4.688947,20.926649,5.249566,5.113571,61.5,1.900002,4.696904,0.045573,4.696904,480.779297,44.494629,-4.6875,119.002,-31.835934,197.0,0.001,0.001,0.0,0.0,1.0
398,181627,2025-05-17 23:25:30,2.404514,43.243633,63.400002,5.152633,,,,,4.317441,1.712333,1.0,1.0,-10.05,-28.18359,58.271,-23.018129,1.0,1.0,4.691117,20.924479,5.249566,5.113571,61.5,1.900002,4.696904,0.045573,4.696904,479.353668,44.494629,-4.722221,119.002,-31.894527,198.0,0.001,0.001,0.0,0.0,1.0
398,181628,2025-05-17 23:25:31,2.406684,43.243633,63.400002,5.15408,,,,,4.314054,1.719708,1.0,1.0,-10.018,-15.078123,57.977,-14.564972,1.0,1.0,4.690393,20.924479,5.250289,5.113571,61.5,1.900002,4.696904,0.045573,4.696904,481.041016,44.494629,-4.67882,153.935,-45.878902,197.0,0.001,0.001,0.0,0.0,1.0
398,181629,2025-05-17 23:25:32,2.428385,43.243633,63.400002,5.153357,,,,,4.315221,1.72438,1.0,1.0,-10.004,-12.753905,57.977,-7.29769,1.0,1.0,4.688947,20.924479,5.249566,5.113571,61.5,1.900002,4.697628,0.045573,4.697628,481.041016,44.494629,-4.639757,203.778,-31.874996,198.0,0.001,0.001,0.0,0.0,1.0
398,181630,2025-05-17 23:25:32,2.354601,43.243633,63.400002,5.15625,,,,,4.313282,1.718045,1.0,1.0,33.144,34.921871,57.977,-7.90583,1.0,1.0,4.68967,20.924479,5.249566,5.113571,61.5,1.900002,4.697628,0.045573,4.697628,481.041016,44.494629,-4.670139,204.02,-30.37109,197.0,0.001,0.001,0.0,0.0,1.0
398,181631,2025-05-17 23:25:33,2.354601,43.229168,63.400002,5.154803,,,,,4.313556,1.719381,1.0,1.0,60.073,34.628902,57.977,-7.358504,1.0,1.0,4.691117,20.924479,5.250289,5.113571,61.5,1.900002,4.696904,0.045573,4.696904,480.016205,44.400459,-4.670139,204.02,-28.632809,197.0,0.001,0.001,0.0,0.0,1.0
398,181632,2025-05-17 23:25:33,2.374132,43.229168,63.400002,5.152633,,,,,4.31347,1.724486,1.0,1.0,108.046,34.335934,57.977,-7.206469,1.0,1.0,4.691117,20.926649,5.250289,5.113571,61.5,1.900002,4.696904,0.045573,4.696904,480.016205,44.494629,-4.69618,204.02,-26.972654,198.0,0.001,0.001,0.0,0.0,1.0
398,181633,2025-05-17 23:25:34,2.415365,43.229168,63.400002,5.152633,,,,,4.317175,1.718393,1.0,1.0,150.052,35.83984,57.977,-6.4767,1.0,1.0,4.691117,20.924479,5.250289,5.114294,61.5,1.900002,4.696904,0.045573,4.696904,480.016205,44.400459,-4.683159,204.02,-25.859373,198.0,0.001,0.001,0.0,0.0,1.0
398,181634,2025-05-17 23:25:35,2.415365,43.229168,63.400002,5.152633,,,,,4.311987,1.714373,1.0,1.0,161.802,37.968746,57.977,-6.324665,1.0,1.0,4.691117,20.926649,5.250289,5.113571,61.5,1.900002,4.696904,0.045573,4.696904,480.016205,44.394573,-4.683159,204.02,-24.999998,197.0,0.001,0.001,0.0,0.0,1.0
398,181635,2025-05-17 23:25:35,2.408854,43.229168,63.400002,5.154803,,,,,4.302889,1.705635,1.0,1.0,196.136,34.824215,57.977,-6.4767,1.0,1.0,4.68967,20.926649,5.249566,5.113571,61.5,1.900002,4.696904,0.045573,4.696904,483.67392,44.394573,-4.6875,204.016,-23.886717,197.0,0.001,0.001,0.0,0.0,1.0
398,181636,2025-05-17 23:25:36,2.389323,43.214699,63.400002,5.15408,,,,,4.300276,1.694811,1.0,1.0,244.841,39.414059,57.977,-5.777338,1.0,1.0,4.68967,20.924479,5.250289,5.113571,61.5,1.900002,4.696904,0.045573,4.696904,484.30127,44.394573,-4.670139,204.012,-23.124998,197.0,0.001,0.001,0.0,0.0,1.0
398,181637,2025-05-17 23:25:36,2.415365,43.214699,63.400002,5.154803,,,,,4.300059,1.677137,1.0,1.0,274.856,41.093746,57.977,-6.051001,1.0,1.0,4.690393,20.924479,5.249566,5.113571,61.5,1.900002,4.696904,0.045573,4.696904,484.30127,44.394573,-4.691841,204.008,-22.597654,198.0,0.001,0.001,0.0,0.0,1.0
398,181638,2025-05-17 23:25:37,2.384983,43.214699,63.400002,5.15408,,,,,4.30059,1.687364,1.0,1.0,310.855,40.878902,57.977,-6.78077,1.0,1.0,4.68967,20.926649,5.250289,5.113571,61.5,1.900002,4.697628,0.045573,4.697628,484.881744,44.394573,-4.683159,204.008,-22.285154,198.0,0.001,0.001,0.0,0.0,1.0
398,181639,2025-05-17 23:25:37,2.35026,43.214699,63.400002,5.152633,,,,,4.29739,1.700054,1.0,1.0,357.636,38.33984,57.977,-6.567921,1.0,1.0,4.68967,20.926649,5.250289,5.113571,61.5,1.900002,4.697628,0.045573,4.697628,484.249939,44.300404,-4.670139,204.004,-22.187498,198.0,0.001,0.001,0.0,0.0,1.0
398,181640,2025-05-17 23:25:38,2.35026,43.20023,63.400002,5.152633,,,,,4.294681,1.698772,1.0,1.0,374.203,41.855465,57.977,-6.719956,1.0,1.0,4.68967,20.926649,5.250289,5.113571,61.5,1.900002,4.696904,0.045573,4.696904,483.66684,44.294518,-4.665798,204.004,-22.304686,198.0,0.001,0.001,0.0,0.0,1.0
398,181641,2025-05-17 23:25:39,2.358941,43.20023,63.400002,5.153357,,,,,4.293275,1.704926,1.0,1.0,407.338,39.687496,57.977,-6.4767,1.0,1.0,4.688947,20.926649,5.250289,5.113571,61.5,1.900002,4.697628,0.045573,4.697628,482.951904,44.294518,-4.665798,204.004,-21.855467,197.0,0.001,0.001,0.0,0.0,1.0
398,181642,2025-05-17 23:25:39,2.33724,43.20023,63.400002,5.153357,,,,,4.288671,1.665261,1.0,1.0,441.88,45.019527,57.977,-6.111815,1.0,1.0,4.68967,20.926649,5.249566,5.113571,61.5,1.900002,4.697628,0.045573,4.697628,481.285736,44.294518,-4.67882,204.004,-22.285154,197.0,0.001,0.001,0.0,0.0,1.0
398,181643,2025-05-17 23:25:40,2.380642,43.20023,63.400002,5.152633,,,,,4.283187,1.719302,1.0,1.0,496.377,41.035152,57.977,-6.142222,1.0,1.0,4.690393,20.926649,5.249566,5.113571,61.5,1.900002,4.696904,0.045573,4.696904,479.488678,44.294518,-4.661459,204.004,-22.207029,198.0,0.001,0.001,0.0,0.0,1.0
398,181644,2025-05-17 23:25:40,2.380642,43.20023,63.400002,5.152633,,,,,4.285675,1.728814,1.0,1.0,505.504,41.874996,57.977,-6.203036,1.0,1.0,4.690393,20.926649,5.249566,5.113571,61.5,1.900002,4.696904,0.045573,4.696904,479.488678,44.294518,-4.635416,204.004,-22.167967,197.0,0.001,0.001,0.0,0.0,1.0
398,181645,2025-05-17 23:25:41,2.380642,43.185764,63.400002,5.15408,,,,,4.288669,1.738426,1.0,1.0,524.708,33.554684,57.977,-5.777338,1.0,1.0,4.690393,20.926649,5.249566,5.113571,61.5,1.900002,4.696904,0.045573,4.696904,479.488678,44.294518,-4.652779,204.004,-22.187498,197.0,0.001,0.001,0.0,0.0,1.0
398,181646,2025-05-17 23:25:41,2.439236,43.185764,63.400002,5.153357,,,,,4.289314,1.727037,1.0,1.0,530.006,34.707027,58.475,5.230011,1.0,1.0,4.690393,20.926649,5.249566,5.113571,61.5,1.900002,4.696904,0.045573,4.696904,479.488678,44.294518,-4.644096,204.004,-21.777342,197.0,0.001,0.001,0.0,0.0,1.0
398,181647,2025-05-17 23:25:42,2.450087,43.185764,63.400002,5.152633,,,,,4.285877,1.709075,1.0,1.0,518.377,-52.55859,58.477,-4.439428,1.0,1.0,4.691117,20.926649,5.249566,5.113571,61.5,1.900002,4.696904,0.045573,4.696904,478.577301,44.294518,-4.605034,204.004,-21.894529,197.0,0.001,0.001,0.0,0.0,1.0
398,181648,2025-05-17 23:25:43,2.450087,43.185764,63.400002,5.152633,,,,,4.284846,1.705934,1.0,1.0,471.754,-41.15234,58.477,-3.588031,1.0,1.0,4.691117,20.926649,5.249566,5.113571,61.5,1.900002,4.697628,0.045573,4.697628,478.577301,44.294518,-4.605034,204.004,-22.246092,197.0,0.001,0.001,0.0,0.0,1.0
398,181649,2025-05-17 23:25:43,2.458767,43.171295,63.400002,5.153357,,,,,4.29538,1.694295,1.0,1.0,266.869,-41.132809,58.477,-8.088273,1.0,1.0,4.691117,20.926649,5.249566,5.113571,61.5,1.900002,4.696904,0.045573,4.696904,472.422729,44.394573,-4.635416,204.004,-21.874998,197.0,0.001,0.001,0.0,0.0,1.0
398,181650,2025-05-17 23:25:44,2.387153,43.171295,63.400002,5.153357,,,,,4.296549,1.694947,1.0,1.0,219.656,-38.105465,58.477,-7.997052,1.0,1.0,4.691117,20.926649,5.250289,5.113571,61.5,1.900002,4.696904,0.045573,4.696904,472.422729,44.394573,-4.626736,204.004,-22.128904,197.0,0.001,0.001,0.0,0.0,1.0
398,181651,2025-05-17 23:25:44,2.413194,43.171295,63.400002,5.153357,,,,,4.297899,1.725501,1.0,1.0,70.923,-46.15234,58.477,-8.635599,1.0,1.0,4.68967,20.926649,5.249566,5.113571,61.5,1.900002,4.697628,0.045573,4.697628,472.422729,44.394573,-4.661459,204.004,-22.207029,198.0,0.001,0.001,0.0,0.0,1.0
398,181652,2025-05-17 23:25:45,2.417535,43.171295,63.400002,5.153357,,,,,4.298477,1.730931,1.0,1.0,-10.052,-28.281246,57.977,-22.318768,1.0,1.0,4.690393,20.924479,5.249566,5.113571,61.5,1.900002,4.697628,0.045573,4.697628,474.699738,44.394573,-4.661459,204.004,-21.972654,197.0,0.001,0.001,0.0,0.0,1.0
398,181653,2025-05-17 23:25:45,2.450087,43.171295,63.400002,5.152633,,,,,4.302643,1.740061,1.0,1.0,-10.048,-19.746092,57.977,-15.537997,1.0,1.0,4.691117,20.924479,5.250289,5.113571,61.5,1.900002,4.697628,0.045573,4.697628,474.699738,44.394573,-4.631077,204.004,-21.933592,197.0,0.001,0.001,0.0,0.0,1.0
398,181654,2025-05-17 23:25:46,2.49349,43.171295,63.400002,5.153357,,,,,4.30738,1.71929,1.0,1.0,-10.015,-14.023436,57.977,-7.054433,1.0,1.0,4.69184,20.926649,5.249566,5.113571,61.5,1.900002,4.696904,0.045573,4.696904,478.163483,44.494629,-4.648438,209.837,-46.914059,197.0,0.001,0.001,0.0,0.0,1.0
398,181655,2025-05-17 23:25:47,2.473958,43.15683,63.400002,5.153357,,,,,4.311354,1.703168,1.0,1.0,-10.004,-13.261718,57.977,-6.415885,1.0,1.0,4.690393,20.926649,5.249566,5.113571,61.5,1.900002,4.697628,0.045573,4.697628,481.485107,44.494629,-4.631077,289.11,-22.636717,198.0,0.001,0.001,0.0,0.0,1.0
398,181656,2025-05-17 23:25:47,2.430556,43.15683,63.400002,5.153357,,,,,4.310572,1.702188,1.0,1.0,-10.004,-13.359374,57.977,-6.355072,1.0,1.0,4.690393,20.926649,5.249566,5.113571,61.5,1.900002,4.697628,0.045573,4.697628,481.485107,44.400459,-4.605034,289.106,-19.179686,197.0,0.001,0.001,0.0,0.0,1.0
398,181657,2025-05-17 23:25:48,2.437066,43.15683,63.400002,5.153357,,,,,4.311768,1.704087,1.0,1.0,42.766,39.101559,57.977,-5.534081,1.0,1.0,4.690393,20.924479,5.249566,5.113571,61.5,1.900002,4.696904,0.045573,4.696904,480.80365,44.394573,-4.618055,289.049,-7.871093,197.0,0.001,0.001,0.0,0.0,1.0
398,181658,2025-05-17 23:25:48,2.363281,43.15683,63.400002,5.153357,,,,,4.311803,1.697506,1.0,1.0,68.221,33.80859,57.977,-5.594895,1.0,1.0,4.690393,20.926649,5.249566,5.113571,61.5,1.900002,4.697628,0.045573,4.697628,480.80365,44.394573,-4.635416,289.022,-5.742187,198.0,0.001,0.001,0.0,0.0,1.0
398,181659,2025-05-17 23:25:49,2.369792,43.142361,63.400002,5.15408,,,,,4.298285,1.693548,1.0,1.0,120.286,36.074215,57.977,-6.172629,1.0,1.0,4.691117,20.924479,5.249566,5.113571,61.5,1.900002,4.697628,0.045573,4.697628,482.291901,44.394573,-4.644096,289.003,-4.941406,197.0,0.001,0.001,0.0,0.0,1.0
398,181660,2025-05-17 23:25:50,2.369792,43.142361,63.400002,5.153357,,,,,4.301173,1.693155,1.0,1.0,144.288,35.68359,57.977,-5.321232,1.0,1.0,4.691117,20.924479,5.250289,5.113571,61.5,1.900002,4.697628,0.045573,4.697628,483.967987,44.394573,-4.644096,288.999,-5.390625,198.0,0.001,0.001,0.0,0.0,1.0
398,181661,2025-05-17 23:25:50,2.426215,43.142361,63.400002,5.153357,,,,,4.298093,1.70524,1.0,1.0,173.252,46.62109,57.978,-8.057866,1.0,1.0,4.690393,20.926649,5.249566,5.113571,61.5,1.900002,4.697628,0.045573,4.697628,484.09613,44.394573,-4.674479,288.999,-5.507812,198.0,0.001,0.001,0.0,0.0,1.0
398,181662,2025-05-17 23:25:51,2.426215,43.142361,63.400002,5.153357,,,,,4.297922,1.692589,1.0,1.0,198.332,37.87109,57.977,-17.818525,1.0,1.0,4.691117,20.924479,5.249566,5.113571,61.5,1.900002,4.697628,0.045573,4.697628,484.09613,44.394573,-4.674479,288.995,-4.882812,198.0,0.001,0.001,0.0,0.0,1.0
398,181663,2025-05-17 23:25:51,2.393663,43.142361,63.400002,5.152633,,,,,4.291214,1.695314,1.0,1.0,239.85,45.449215,57.977,-16.75428,1.0,1.0,4.690393,20.924479,5.250289,5.113571,61.5,1.900002,4.697628,0.045573,4.697628,484.09613,44.394573,-4.648438,288.995,-5.46875,197.0,0.001,0.001,0.0,0.0,1.0
398,181664,2025-05-17 23:25:52,2.441406,43.127895,63.400002,5.15191,,,,,4.287644,1.688907,1.0,1.0,275.832,43.124996,57.977,-5.017162,1.0,1.0,4.691117,20.926649,5.249566,5.113571,61.5,1.900002,4.697628,0.045573,4.697628,484.053955,44.394573,-4.67882,288.995,-5.976562,198.0,0.001,0.001,0.0,0.0,1.0
398,181665,2025-05-17 23:25:52,2.378472,43.127895,63.400002,5.153357,,,,,4.290203,1.677681,1.0,1.0,298.868,36.796871,57.977,-4.439428,1.0,1.0,4.690393,20.926649,5.249566,5.113571,61.5,1.900002,4.697628,0.045573,4.697628,483.03894,44.394573,-4.644096,288.995,-5.839843,197.0,0.001,0.001,0.0,0.0,1.0
398,181666,2025-05-17 23:25:53,2.391493,43.127895,63.400002,5.153357,,,,,4.29714,1.710847,1.0,1.0,355.958,38.96484,57.977,-6.507107,1.0,1.0,4.691117,20.926649,5.250289,5.113571,61.5,1.900002,4.697628,0.045573,4.697628,480.824066,44.394573,-4.670139,288.991,-5.9375,197.0,0.001,0.001,0.0,0.0,1.0
398,181667,2025-05-17 23:25:53,2.417535,43.127895,63.400002,5.15408,,,,,4.299471,1.702642,1.0,1.0,394.618,40.898434,57.977,-4.439428,1.0,1.0,4.69184,20.926649,5.249566,5.113571,61.5,1.900002,4.696904,0.045573,4.696904,480.547333,44.394573,-4.661459,288.991,-6.796875,198.0,0.001,0.001,0.0,0.0,1.0
398,181668,2025-05-17 23:25:54,2.402344,43.113426,63.400002,5.15408,,,,,4.299877,1.704594,1.0,1.0,408.536,38.281246,57.977,-5.108383,1.0,1.0,4.690393,20.926649,5.249566,5.113571,61.5,1.900002,4.696904,0.045573,4.696904,479.623505,44.394573,-4.674479,288.991,-6.191406,197.0,0.001,0.001,0.0,0.0,1.0
398,181669,2025-05-17 23:25:54,2.387153,43.113426,63.400002,5.154803,,,,,4.298983,1.709714,1.0,1.0,438.025,47.226559,57.977,-4.773905,1.0,1.0,4.691117,20.926649,5.249566,5.113571,61.5,1.900002,4.697628,0.045573,4.697628,480.470917,44.394573,-4.631077,288.991,-6.621093,197.0,0.001,0.001,0.0,0.0,1.0
398,181670,2025-05-17 23:25:55,2.441406,43.113426,63.400002,5.15408,,,,,4.29923,1.704616,1.0,1.0,466.617,43.066402,57.977,-4.469835,1.0,1.0,4.690393,20.926649,5.249566,5.113571,61.5,1.900002,4.697628,0.045573,4.697628,481.611694,44.394573,-4.648438,288.991,-7.011718,198.0,0.001,0.001,0.0,0.0,1.0
398,181671,2025-05-17 23:25:56,2.408854,43.113426,63.400002,5.154803,,,,,4.299451,1.720225,1.0,1.0,529.767,33.02734,57.977,-4.469835,1.0,1.0,4.68967,20.926649,5.250289,5.113571,61.5,1.900002,4.697628,0.045573,4.697628,482.118591,44.294518,-4.661459,288.995,-7.753905,198.0,0.001,0.001,0.0,0.0,1.0
398,181672,2025-05-17 23:25:56,2.445746,43.113426,63.400002,5.15408,,,,,4.301129,1.70906,1.0,1.0,530.003,35.292965,58.429,-5.594895,1.0,1.0,4.688947,20.926649,5.249566,5.114294,61.5,1.900002,4.697628,0.045573,4.697628,482.064728,44.294518,-4.665798,288.995,-7.460937,197.0,0.001,0.001,0.0,0.0,1.0
398,181673,2025-05-17 23:25:57,2.419705,43.098957,63.400002,5.15408,,,,,4.302692,1.707601,1.0,1.0,530.004,34.941402,58.477,3.588031,1.0,1.0,4.688947,20.926649,5.250289,5.113571,61.5,1.900002,4.697628,0.045573,4.697628,481.233978,44.294518,-4.618055,288.995,-7.499999,197.0,0.001,0.001,0.0,0.0,1.0
398,181674,2025-05-17 23:25:57,2.463108,43.098957,63.400002,5.15408,,,,,4.303692,1.705854,1.0,1.0,483.026,-42.421871,58.477,-3.983322,1.0,1.0,4.68967,20.926649,5.250289,5.113571,61.5,1.900002,4.697628,0.045573,4.697628,480.06308,44.294518,-4.605034,288.995,-7.578124,198.0,0.001,0.001,0.0,0.0,1.0
398,181675,2025-05-17 23:25:58,2.454427,43.098957,63.400002,5.15408,,,,,4.292632,1.69681,1.0,1.0,346.861,-40.097652,58.477,-8.909263,1.0,1.0,4.688947,20.926649,5.249566,5.113571,61.5,1.900002,4.697628,0.045573,4.697628,478.978271,44.294518,-4.587673,288.995,-7.578124,197.0,0.001,0.001,0.0,0.0,1.0
398,181676,2025-05-17 23:25:59,2.441406,43.098957,63.400002,5.154803,,,,,4.288747,1.685544,1.0,1.0,196.484,-38.476559,58.477,-7.936237,1.0,1.0,4.688947,20.926649,5.249566,5.113571,61.5,1.900002,4.697628,0.045573,4.697628,480.773956,44.294518,-4.592014,288.995,-7.539062,197.0,0.001,0.001,0.0,0.0,1.0
398,181677,2025-05-17 23:25:59,2.387153,43.084492,63.400002,5.15408,,,,,4.281678,1.68383,1.0,1.0,100.502,-40.136715,58.477,-8.027458,1.0,1.0,4.68967,20.926649,5.249566,5.113571,61.5,1.900002,4.697628,0.045573,4.697628,482.275055,44.294518,-4.609375,288.995,-7.382812,198.0,0.001,0.001,0.0,0.0,1.0
398,181678,2025-05-17 23:26:00,2.387153,43.084492,63.400002,5.15408,,,,,4.280938,1.684275,1.0,1.0,47.678,-44.707027,58.477,-7.90583,1.0,1.0,4.68967,20.926649,5.250289,5.113571,61.5,1.900002,4.697628,0.045573,4.697628,482.275055,44.294518,-4.609375,288.995,-7.421874,197.0,0.001,0.001,0.0,0.0,1.0
398,181679,2025-05-17 23:26:00,2.489149,43.084492,63.400002,5.15408,,,,,4.282546,1.687558,1.0,1.0,-10.051,-21.113279,57.977,-21.284927,1.0,1.0,4.688947,20.926649,5.249566,5.113571,61.5,1.900002,4.697628,0.045573,4.697628,483.361267,44.294518,-4.592014,288.995,-7.441405,197.0,0.001,0.001,0.0,0.0,1.0
398,181680,2025-05-17 23:26:01,2.441406,43.084492,63.400002,5.153357,,,,,4.286331,1.696193,1.0,1.0,-10.019,-14.570311,57.977,-13.166248,1.0,1.0,4.690393,20.926649,5.249566,5.113571,61.5,1.900002,4.697628,0.045573,4.697628,483.361267,44.294518,-4.561632,289.03,-23.222654,198.0,0.001,0.001,0.0,0.0,1.0
398,181681,2025-05-17 23:26:02,2.443576,43.070023,63.400002,5.153357,,,,,4.286339,1.668705,1.0,1.0,-10.004,-13.437499,57.977,-7.29769,1.0,1.0,4.68967,20.926649,5.250289,5.113571,61.5,1.900002,4.697628,0.045573,4.697628,482.015411,44.294518,-4.592014,14.308,-13.92578,198.0,0.001,0.001,0.0,0.0,1.0
398,181682,2025-05-17 23:26:03,2.413194,43.070023,63.400002,5.15408,,,,,4.289702,1.694552,1.0,1.0,-10.003,-13.652343,57.977,-7.571353,1.0,1.0,4.68967,20.926649,5.249566,5.113571,61.5,1.900002,4.696904,0.045573,4.696904,479.905548,44.294518,-4.609375,14.055,-1.035156,198.0,0.001,0.001,0.0,0.0,1.0
398,181683,2025-05-17 23:26:03,2.380642,43.070023,63.400002,5.153357,,,,,4.290263,1.702162,1.0,1.0,-10.003,-13.945312,57.977,-7.845016,1.0,1.0,4.68967,20.926649,5.249566,5.113571,61.5,1.900002,4.696904,0.045573,4.696904,479.905548,44.294518,-4.613716,14.024,-0.078125,198.0,0.001,0.001,0.0,0.0,1.0
398,181684,2025-05-17 23:26:04,2.424045,43.070023,63.400002,5.15408,,,,,4.281702,1.681111,1.0,1.0,30.285,35.234371,57.977,-6.324665,1.0,1.0,4.690393,20.926649,5.250289,5.114294,61.5,1.900002,4.697628,0.045573,4.697628,480.584351,44.294518,-4.635416,13.997,0.195312,197.0,0.001,0.001,0.0,0.0,1.0
398,181685,2025-05-17 23:26:04,2.404514,43.055557,63.5,5.15408,,,,,4.280372,1.714527,1.0,1.0,66.305,34.999996,57.977,-6.841584,1.0,1.0,4.68967,20.926649,5.250289,5.113571,61.5,2.0,4.697628,0.045573,4.697628,480.703552,44.294518,-4.639757,13.993,-0.253906,197.0,0.001,0.001,0.0,0.0,1.0
398,181686,2025-05-17 23:26:05,2.404514,43.055557,63.400002,5.154803,,,,,4.28129,1.703948,1.0,1.0,90.767,35.351559,57.977,-6.4767,1.0,1.0,4.68967,20.926649,5.250289,5.113571,61.5,1.900002,4.697628,0.045573,4.697628,480.703552,44.294518,-4.657118,13.993,-0.742187,197.0,0.001,0.001,0.0,0.0,1.0
398,181687,2025-05-17 23:26:06,2.473958,43.055557,63.5,5.154803,,,,,4.292254,1.698685,1.0,1.0,118.123,36.230465,57.977,-7.054433,1.0,1.0,4.690393,20.926649,5.250289,5.113571,61.5,2.0,4.697628,0.045573,4.697628,481.017151,44.200352,-4.661459,13.993,-1.328125,197.0,0.001,0.001,0.0,0.0,1.0
398,181688,2025-05-17 23:26:06,2.398004,43.055557,63.5,5.15408,,,,,4.296864,1.701892,1.0,1.0,169.955,38.242184,57.977,-7.480132,1.0,1.0,4.688947,20.926649,5.249566,5.113571,61.5,2.0,4.697628,0.045573,4.697628,481.027405,44.194469,-4.622396,13.993,-2.167969,198.0,0.001,0.001,0.0,0.0,1.0
398,181689,2025-05-17 23:26:07,2.408854,43.055557,63.5,5.154803,,,,,4.291107,1.665405,1.0,1.0,212.368,52.695309,57.976,-8.331529,1.0,1.0,4.68967,20.924479,5.250289,5.113571,61.5,2.0,4.697628,0.045573,4.697628,479.794464,44.194469,-4.639757,13.993,-2.421875,198.0,0.001,0.001,0.0,0.0,1.0
398,181690,2025-05-17 23:26:07,2.382813,43.055557,63.5,5.154803,,,,,4.289191,1.662518,1.0,1.0,241.047,50.019527,57.977,-2.493377,1.0,1.0,4.688947,20.926649,5.250289,5.113571,61.5,2.0,4.697628,0.045573,4.697628,479.509033,44.194469,-4.605034,13.993,-2.851562,198.0,0.001,0.001,0.0,0.0,1.0
398,181691,2025-05-17 23:26:08,2.419705,43.041088,63.5,5.153357,,,,,4.285392,1.686178,1.0,1.0,284.217,42.460934,57.977,-3.131925,1.0,1.0,4.688223,20.926649,5.250289,5.113571,61.5,2.0,4.697628,0.045573,4.697628,479.497772,44.194469,-4.635416,13.993,-2.363281,198.0,0.001,0.001,0.0,0.0,1.0
398,181692,2025-05-17 23:26:08,2.419705,43.041088,63.5,5.15408,,,,,4.282366,1.673985,1.0,1.0,297.186,40.097652,57.977,-2.554191,1.0,1.0,4.688947,20.926649,5.250289,5.113571,61.5,2.0,4.697628,0.045573,4.697628,479.390411,44.194469,-4.613716,13.993,-1.308594,198.0,0.001,0.001,0.0,0.0,1.0
398,181693,2025-05-17 23:26:09,2.361111,43.041088,63.5,5.15408,,,,,4.281787,1.647239,1.0,1.0,330.538,43.105465,57.977,-5.594895,1.0,1.0,4.68967,20.926649,5.250289,5.113571,61.5,2.0,4.697628,0.045573,4.697628,480.737152,44.194469,-4.622396,13.993,-3.652343,197.0,0.001,0.001,0.0,0.0,1.0
398,181694,2025-05-17 23:26:10,2.426215,43.041088,63.5,5.153357,,,,,4.279844,1.677001,1.0,1.0,397.737,37.617184,57.977,-3.679252,1.0,1.0,4.68967,20.926649,5.250289,5.114294,61.5,2.0,4.697628,0.045573,4.697628,482.275055,44.194469,-4.622396,13.993,-3.378906,197.0,0.001,0.001,0.0,0.0,1.0
398,181695,2025-05-17 23:26:10,2.426215,43.041088,63.5,5.154803,,,,,4.280296,1.69302,1.0,1.0,407.091,38.691402,57.977,-3.588031,1.0,1.0,4.68967,20.926649,5.250289,5.114294,61.5,2.0,4.697628,0.045573,4.697628,482.275055,44.194469,-4.622396,13.993,-3.125,197.0,0.001,0.001,0.0,0.0,1.0
398,181696,2025-05-17 23:26:11,2.434896,43.026619,63.5,5.154803,,,,,4.277786,1.689036,1.0,1.0,435.136,50.488277,57.977,-3.952915,1.0,1.0,4.68967,20.926649,5.250289,5.113571,61.5,2.0,4.697628,0.045573,4.697628,482.732422,44.194469,-4.609375,13.993,-3.535156,197.0,0.001,0.001,0.0,0.0,1.0
398,181697,2025-05-17 23:26:11,2.406684,43.026619,63.5,5.154803,,,,,4.275805,1.705395,1.0,1.0,499.968,40.878902,57.977,-4.10495,1.0,1.0,4.68967,20.926649,5.250289,5.114294,61.5,2.0,4.697628,0.045573,4.697628,481.329163,44.194469,-4.587673,13.993,-4.277343,198.0,0.001,0.001,0.0,0.0,1.0
398,181698,2025-05-17 23:26:12,2.389323,43.026619,63.5,5.154803,,,,,4.278762,1.717606,1.0,1.0,512.239,38.046871,57.977,-4.348207,1.0,1.0,4.68967,20.926649,5.250289,5.114294,61.5,2.0,4.697628,0.045573,4.697628,480.350189,44.194469,-4.583334,13.993,-5.175781,198.0,0.001,0.001,0.0,0.0,1.0
398,181699,2025-05-17 23:26:13,2.419705,43.012154,63.5,5.15408,,,,,4.280723,1.709908,1.0,1.0,530.002,35.136715,58.434,1.064246,1.0,1.0,4.690393,20.926649,5.249566,5.114294,61.5,2.0,4.697628,0.045573,4.697628,478.558105,44.194469,-4.592014,13.993,-4.902343,197.0,0.001,0.001,0.0,0.0,1.0
398,181700,2025-05-17 23:26:13,2.463108,43.012154,63.5,5.15408,,,,,4.278337,1.682215,1.0,1.0,513.451,-49.863277,58.477,0.973025,1.0,1.0,4.68967,20.924479,5.250289,5.114294,61.5,2.0,4.697628,0.045573,4.697628,478.558105,44.194469,-4.544271,13.997,-5.703125,198.0,0.001,0.001,0.0,0.0,1.0
398,181701,2025-05-17 23:26:14,2.463108,43.012154,63.5,5.154803,,,,,4.278634,1.678197,1.0,1.0,482.231,-46.523434,58.477,-3.101518,1.0,1.0,4.68967,20.926649,5.250289,5.114294,61.5,2.0,4.697628,0.045573,4.697628,478.558105,44.194469,-4.544271,13.997,-6.015625,197.0,0.001,0.001,0.0,0.0,1.0
398,181702,2025-05-17 23:26:14,2.473958,43.012154,63.5,5.15408,,,,,4.280289,1.721729,1.0,1.0,361.282,-45.019527,58.477,-6.871991,1.0,1.0,4.690393,20.926649,5.250289,5.113571,61.5,2.0,4.697628,0.045573,4.697628,479.221832,44.194469,-4.53125,13.997,-5.644531,198.0,0.001,0.001,0.0,0.0,1.0
398,181703,2025-05-17 23:26:15,2.419705,43.012154,63.5,5.15408,,,,,4.271817,1.711128,1.0,1.0,198.087,-42.695309,58.477,-8.209901,1.0,1.0,4.690393,20.926649,5.250289,5.114294,61.5,2.0,4.697628,0.045573,4.697628,479.519592,44.194469,-4.500868,13.997,-4.589843,198.0,0.001,0.001,0.0,0.0,1.0
398,181704,2025-05-17 23:26:15,2.489149,43.012154,63.5,5.154803,,,,,4.270721,1.697201,1.0,1.0,87.729,-43.359371,58.477,-8.301122,1.0,1.0,4.690393,20.926649,5.250289,5.114294,61.5,2.0,4.697628,0.045573,4.697628,479.221832,44.194469,-4.592014,13.997,-5.898437,197.0,0.001,0.001,0.0,0.0,1.0
398,181705,2025-05-17 23:26:16,2.413194,42.997684,63.5,5.154803,,,,,4.270722,1.705176,1.0,1.0,-6.38,-26.210936,58.153,-26.423717,1.0,1.0,4.690393,20.926649,5.250289,5.114294,61.5,2.0,4.697628,0.045573,4.697628,478.340057,44.194469,-4.570313,13.997,-5.15625,198.0,0.001,0.001,0.0,0.0,1.0
398,181706,2025-05-17 23:26:17,2.432726,42.997684,63.5,5.15408,,,,,4.278164,1.694861,1.0,1.0,-10.038,-17.617186,57.977,-14.747415,1.0,1.0,4.690393,20.926649,5.250289,5.113571,61.5,2.0,4.697628,0.045573,4.697628,477.346558,44.194469,-4.552952,13.997,-5.058593,198.0,0.001,0.001,0.0,0.0,1.0
398,181707,2025-05-17 23:26:17,2.426215,42.997684,63.5,5.15408,,,,,4.276944,1.7148,1.0,1.0,-10.014,-14.531248,57.977,-8.11868,1.0,1.0,4.691117,20.926649,5.250289,5.114294,61.5,2.0,4.697628,0.045573,4.697628,477.209961,44.194469,-4.561632,24.373,-22.460936,198.0,0.001,0.001,0.0,0.0,1.0
398,181708,2025-05-17 23:26:18,2.426215,42.997684,63.5,5.15408,,,,,4.276814,1.721555,1.0,1.0,-10.009,-14.140623,57.977,-6.507107,1.0,1.0,4.691117,20.926649,5.250289,5.114294,61.5,2.0,4.697628,0.045573,4.697628,478.340057,44.194469,-4.561632,45.247,-25.781248,198.0,0.001,0.001,0.0,0.0,1.0
398,181709,2025-05-17 23:26:18,2.393663,42.997684,63.5,5.153357,,,,,4.280657,1.692191,1.0,1.0,-10.004,-13.808593,57.977,-7.419318,1.0,1.0,4.690393,20.926649,5.250289,5.114294,61.5,2.0,4.697628,0.045573,4.697628,479.879364,44.194469,-4.53993,98.873,-50.878902,198.0,0.001,0.001,0.0,0.0,1.0
398,181710,2025-05-17 23:26:19,2.482639,42.997684,63.5,5.153357,,,,,4.279063,1.693625,1.0,1.0,9.091,36.77734,57.977,-7.966645,1.0,1.0,4.691117,20.926649,5.250289,5.114294,61.5,2.0,4.697628,0.045573,4.697628,480.595825,44.194469,-4.578993,99.038,-46.46484,197.0,0.001,0.001,0.0,0.0,1.0
398,181711,2025-05-17 23:26:20,2.452257,42.983219,63.5,5.154803,,,,,4.275932,1.685291,1.0,1.0,34.568,39.785152,57.977,-7.784203,1.0,1.0,4.690393,20.926649,5.250289,5.114294,61.5,2.0,4.697628,0.045573,4.697628,480.595825,44.194469,-4.583334,99.034,-44.707027,198.0,0.001,0.001,0.0,0.0,1.0
398,181712,2025-05-17 23:26:20,2.395833,42.983219,63.5,5.15408,,,,,4.276087,1.68709,1.0,1.0,84.022,36.914059,57.977,-6.355072,1.0,1.0,4.690393,20.926649,5.250289,5.113571,61.5,2.0,4.697628,0.045573,4.697628,479.879364,44.194469,-4.578993,99.03,-41.015621,198.0,0.001,0.001,0.0,0.0,1.0
398,181713,2025-05-17 23:26:21,2.430556,42.983219,63.5,5.152633,,,,,4.275427,1.676938,1.0,1.0,115.963,36.386715,57.977,-7.08484,1.0,1.0,4.691117,20.926649,5.250289,5.113571,61.5,2.0,4.697628,0.045573,4.697628,478.517487,44.194469,-4.605034,99.026,-39.199215,198.0,0.001,0.001,0.0,0.0,1.0
398,181714,2025-05-17 23:26:21,2.434896,42.983219,63.5,5.15191,,,,,4.276712,1.692147,1.0,1.0,142.124,35.37109,57.977,-7.480132,1.0,1.0,4.690393,20.926649,5.250289,5.114294,61.5,2.0,4.697628,0.045573,4.697628,475.706055,44.194469,-4.626736,99.023,-38.02734,197.0,0.001,0.001,0.0,0.0,1.0
398,181715,2025-05-17 23:26:22,2.415365,42.96875,63.5,5.153357,,,,,4.279306,1.695322,1.0,1.0,201.172,48.65234,57.977,-7.845016,1.0,1.0,4.690393,20.924479,5.250289,5.114294,61.5,2.0,4.697628,0.045573,4.697628,475.62793,44.294518,-4.631077,99.015,-36.113277,197.0,0.001,0.001,0.0,0.0,1.0
398,181716,2025-05-17 23:26:23,2.415365,42.96875,63.5,5.152633,,,,,4.281618,1.714714,1.0,1.0,214.074,55.332027,57.976,-6.719956,1.0,1.0,4.691117,20.926649,5.250289,5.113571,61.5,2.0,4.697628,0.045573,4.697628,478.341736,44.294518,-4.631077,99.011,-35.820309,197.0,0.001,0.001,0.0,0.0,1.0
398,181717,2025-05-17 23:26:23,2.419705,42.96875,63.5,5.152633,,,,,4.280576,1.696802,1.0,1.0,252.316,45.68359,57.977,-3.892101,1.0,1.0,4.690393,20.924479,5.250289,5.114294,61.400002,2.099998,4.697628,0.045573,4.697628,478.39975,44.294518,-4.618055,99.007,-35.351559,197.0,0.001,0.001,0.0,0.0,1.0
398,181718,2025-05-17 23:26:24,2.428385,42.96875,63.5,5.152633,,,,,4.285914,1.686619,1.0,1.0,315.891,45.175777,57.977,-3.618438,1.0,1.0,4.691117,20.926649,5.250289,5.113571,61.400002,2.099998,4.697628,0.045573,4.697628,479.743195,44.294518,-4.648438,99.003,-35.019527,198.0,0.001,0.001,0.0,0.0,1.0
398,181719,2025-05-17 23:26:24,2.428385,42.96875,63.5,5.152633,,,,,4.286992,1.686401,1.0,1.0,324.779,41.425777,57.977,-4.3178,1.0,1.0,4.691117,20.924479,5.250289,5.114294,61.400002,2.099998,4.697628,0.045573,4.697628,479.743195,44.294518,-4.648438,99.003,-34.58984,197.0,0.001,0.001,0.0,0.0,1.0
398,181720,2025-05-17 23:26:25,2.450087,42.96875,63.5,5.154803,,,,,4.29309,1.694239,1.0,1.0,363.628,40.019527,57.977,-3.709659,1.0,1.0,4.691117,20.924479,5.250289,5.113571,61.400002,2.099998,4.697628,0.045573,4.697628,480.68988,44.294518,-4.648438,99.003,-34.882809,197.0,0.001,0.001,0.0,0.0,1.0
398,181721,2025-05-17 23:26:25,2.417535,42.954281,63.5,5.15408,,,,,4.289144,1.714367,1.0,1.0,392.463,39.667965,57.977,-4.226579,1.0,1.0,4.690393,20.926649,5.250289,5.114294,61.400002,2.099998,4.697628,0.045573,4.697628,480.78186,44.294518,-4.596354,99.003,-34.90234,198.0,0.001,0.001,0.0,0.0,1.0
398,181722,2025-05-17 23:26:26,2.389323,42.954281,63.5,5.154803,,,,,4.293827,1.710642,1.0,1.0,447.16,47.851559,57.977,-3.983322,1.0,1.0,4.68967,20.926649,5.250289,5.113571,61.400002,2.099998,4.697628,0.045573,4.697628,480.78186,44.294518,-4.587673,99.003,-34.648434,198.0,0.001,0.001,0.0,0.0,1.0
398,181723,2025-05-17 23:26:27,2.441406,42.954281,63.5,5.154803,,,,,4.295558,1.718542,1.0,1.0,486.544,40.624996,57.977,-4.652277,1.0,1.0,4.68967,20.926649,5.250289,5.113571,61.400002,2.099998,4.697628,0.045573,4.697628,480.762329,44.294518,-4.600695,99.003,-35.039059,197.0,0.001,0.001,0.0,0.0,1.0
398,181724,2025-05-17 23:26:27,2.441406,42.954281,63.5,5.154803,,,,,4.296714,1.714482,1.0,1.0,495.883,45.937496,57.977,-4.682684,1.0,1.0,4.68967,20.926649,5.250289,5.114294,61.400002,2.099998,4.697628,0.045573,4.697628,479.879364,44.294518,-4.600695,99.003,-35.05859,197.0,0.001,0.001,0.0,0.0,1.0
398,181725,2025-05-17 23:26:28,2.393663,42.954281,63.5,5.15408,,,,,4.29616,1.71076,1.0,1.0,529.989,37.265621,57.977,-4.773905,1.0,1.0,4.690393,20.926649,5.249566,5.114294,61.400002,2.099998,4.697628,0.045573,4.697628,479.743195,44.294518,-4.613716,99.0,-34.863277,198.0,0.001,0.001,0.0,0.0,1.0
398,181726,2025-05-17 23:26:28,2.408854,42.939816,63.5,5.153357,,,,,4.288987,1.679272,1.0,1.0,530.007,34.687496,58.058,9.274147,1.0,1.0,4.69184,20.926649,5.250289,5.114294,61.400002,2.099998,4.697628,0.045573,4.697628,481.406647,44.294518,-4.574654,99.0,-34.960934,197.0,0.001,0.001,0.0,0.0,1.0
398,181727,2025-05-17 23:26:29,2.523871,42.939816,63.5,5.153357,,,,,4.289684,1.700656,1.0,1.0,514.188,-52.617184,58.477,0.851397,1.0,1.0,4.69184,20.926649,5.250289,5.114294,61.400002,2.099998,4.697628,0.045573,4.697628,482.306702,44.294518,-4.548611,99.0,-34.960934,197.0,0.001,0.001,0.0,0.0,1.0
398,181728,2025-05-17 23:26:29,2.523871,42.939816,63.5,5.153357,,,,,4.291073,1.698788,1.0,1.0,478.198,-46.191402,58.477,-4.165764,1.0,1.0,4.69184,20.926649,5.250289,5.114294,61.400002,2.099998,4.697628,0.045573,4.697628,482.220093,44.294518,-4.548611,99.0,-35.039059,197.0,0.001,0.001,0.0,0.0,1.0
398,181729,2025-05-17 23:26:30,2.49783,42.939816,63.5,5.154803,,,,,4.29144,1.701359,1.0,1.0,343.663,-41.035152,58.477,-9.213333,1.0,1.0,4.69184,20.926649,5.250289,5.114294,61.400002,2.099998,4.697628,0.045573,4.697628,481.406647,44.294518,-4.565971,99.0,-35.039059,197.0,0.001,0.001,0.0,0.0,1.0
398,181730,2025-05-17 23:26:31,2.5,42.939816,63.5,5.15408,,,,,4.288346,1.687556,1.0,1.0,182.094,-41.835934,58.477,-8.088273,1.0,1.0,4.69184,20.926649,5.250289,5.114294,61.400002,2.099998,4.697628,0.045573,4.697628,480.11319,44.294518,-4.592014,99.0,-35.05859,197.0,0.001,0.001,0.0,0.0,1.0
398,181731,2025-05-17 23:26:31,2.5,42.939816,63.5,5.15408,,,,,4.288346,1.687556,1.0,1.0,182.094,-41.835934,58.477,-8.088273,1.0,1.0,4.69184,20.926649,5.250289,5.114294,61.400002,2.099998,4.697628,0.045573,4.697628,480.11319,44.294518,-4.592014,99.0,-35.05859,197.0,0.001,0.001,0.0,0.0,1.0
398,181732,2025-05-17 23:26:32,2.421875,42.925346,63.5,5.153357,,,,,4.288198,1.673599,1.0,1.0,7.15,-42.24609,57.978,-23.139757,1.0,1.0,4.69184,20.926649,5.250289,5.114294,61.400002,2.099998,4.697628,0.045573,4.697628,476.433838,44.294518,-4.583334,99.0,-34.960934,198.0,0.001,0.001,0.0,0.0,1.0
398,181733,2025-05-17 23:26:32,2.439236,42.925346,63.5,5.154803,,,,,4.289515,1.707428,1.0,1.0,-10.047,-25.273436,57.977,-12.74055,1.0,1.0,4.69184,20.926649,5.250289,5.113571,61.400002,2.099998,4.697628,0.045573,4.697628,476.021057,44.294518,-4.574654,99.0,-34.980465,197.0,0.001,0.001,0.0,0.0,1.0
398,181734,2025-05-17 23:26:33,2.395833,42.925346,63.5,5.15408,,,,,4.29164,1.713874,1.0,1.0,-10.026,-16.757811,57.977,-7.024026,1.0,1.0,4.69184,20.926649,5.250289,5.114294,61.400002,2.099998,4.697628,0.045573,4.697628,476.021057,44.294518,-4.557291,122.139,-44.257809,197.0,0.001,0.001,0.0,0.0,1.0
398,181735,2025-05-17 23:26:33,2.463108,42.925346,63.5,5.153357,,,,,4.285907,1.703851,1.0,1.0,-10.011,-15.175779,57.977,-7.449725,1.0,1.0,4.690393,20.926649,5.250289,5.114294,61.400002,2.099998,4.697628,0.045573,4.697628,476.021057,44.294518,-4.570313,183.702,-49.43359,197.0,0.001,0.001,0.0,0.0,1.0
398,181736,2025-05-17 23:26:34,2.458767,42.925346,63.5,5.153357,,,,,4.286313,1.712531,1.0,1.0,-10.009,-15.136717,57.977,-7.449725,1.0,1.0,4.690393,20.926649,5.250289,5.114294,61.400002,2.099998,4.697628,0.045573,4.697628,476.021057,44.294518,-4.557291,183.975,-50.351559,197.0,0.001,0.001,0.0,0.0,1.0
398,181737,2025-05-17 23:26:35,2.419705,42.910881,63.5,5.154803,,,,,4.295914,1.727706,1.0,1.0,48.295,38.925777,57.977,-7.662574,1.0,1.0,4.68967,20.926649,5.250289,5.114294,61.400002,2.099998,4.697628,0.045573,4.697628,476.238373,44.394573,-4.596354,184.04,-42.382809,198.0,0.001,0.001,0.0,0.0,1.0
398,181738,2025-05-17 23:26:35,2.443576,42.910881,63.5,5.154803,,,,,4.297416,1.726329,1.0,1.0,75.654,32.87109,57.977,-7.449725,1.0,1.0,4.68967,20.926649,5.250289,5.114294,61.400002,2.099998,4.697628,0.045573,4.697628,476.19693,44.394573,-4.613716,184.032,-40.332027,197.0,0.001,0.001,0.0,0.0,1.0
398,181739,2025-05-17 23:26:36,2.471788,42.910881,63.5,5.154803,,,,,4.296328,1.688069,1.0,1.0,121.003,35.859371,57.977,-7.571353,1.0,1.0,4.688947,20.926649,5.250289,5.114294,61.400002,2.099998,4.697628,0.045573,4.697628,475.726959,44.394573,-4.605034,184.025,-37.597652,197.0,0.001,0.001,0.0,0.0,1.0
398,181740,2025-05-17 23:26:36,2.441406,42.910881,63.5,5.154803,,,,,4.294688,1.68838,1.0,1.0,156.997,34.941402,57.977,-7.540946,1.0,1.0,4.688947,20.926649,5.250289,5.114294,61.400002,2.099998,4.697628,0.045573,4.697628,476.609711,44.394573,-4.626736,184.021,-36.132809,197.0,0.001,0.001,0.0,0.0,1.0
